INFO: [Common 17-3922] A valid Vivado Design Suite BASIC license has been detected. Your current license is active and will expire on 15-aug-2027.
#-----------------------------------------------------------
# Vivado v2026.1 (64-bit)
# SW Build 6511674 on Tue Jun 16 11:02:23 MDT 2026
# IP Build 6504888 on Tue Jun 09 09:05:25 MDT 2026
# SharedData Build 6501428 on Mon Jun 08 17:34:18 MDT 2026
# Start of session at: Wed Aug 26 21:01:08 2026
# Process ID         : 5536
# Current directory  : C:/RISC_V_research/RISC_V
# Command line       : vivado.exe -gui_launcher_event rodinguilauncherevent15424 C:\RISC_V_research\RISC_V\RISC_V.xpr
# Log file           : C:/RISC_V_research/RISC_V/vivado.log
# Journal file       : C:/RISC_V_research/RISC_V\vivado.jou
# Running On         : DESKTOP-P2Q0K54
# Platform           : Windows 11
# Operating System   : 26200
# Processor Detail   : AMD Ryzen 5 5600X 6-Core Processor             
# CPU Frequency      : 3693 MHz
# CPU Physical cores : 6
# CPU Logical cores  : 12
# Host memory        : 17080 MB
# Swap memory        : 11811 MB
# Total Virtual      : 28891 MB
# Available Virtual  : 9637 MB
#-----------------------------------------------------------
start_gui
open_project C:/RISC_V_research/RISC_V/RISC_V.xpr
INFO: [Project 1-313] Project file moved from 'C:/RISC_V' since last save.
INFO: [filemgmt 56-1] Board Part Repository Path: Directory not found as 'C:/RISC_V_research/Users/trist/AppData/Roaming/Xilinx/Vivado/2026.1/xhub/board_store/xilinx_board_store'; using path 'C:/Users/trist/AppData/Roaming/Xilinx/Vivado/2026.1/xhub/board_store/xilinx_board_store' instead.
Scanning sources...
Finished scanning sources
INFO: [IP_Flow 19-234] Refreshing IP repositories
INFO: [IP_Flow 19-1704] No user IP repositories specified
INFO: [IP_Flow 19-2313] Loaded Vivado IP repository 'C:/AMDDesignTools/2026.1/Vivado/data/ip'.
open_project: Time (s): cpu = 00:00:16 ; elapsed = 00:00:10 . Memory (MB): peak = 1706.688 ; gain = 325.605
open_bd_design {C:/RISC_V_research/RISC_V/RISC_V.srcs/sources_1/bd/RISC_V_block/RISC_V_block.bd}
Reading block design file <C:/RISC_V_research/RISC_V/RISC_V.srcs/sources_1/bd/RISC_V_block/RISC_V_block.bd>...
Adding component instance block -- xilinx.com:module_ref:RISC_V:1.0 - RISC_V_0
Adding component instance block -- xilinx.com:ip:axi_bram_ctrl:4.1 - axi_bram_ctrl_0
Adding component instance block -- xilinx.com:ip:blk_mem_gen:8.4 - axi_bram_ctrl_0_bram
Adding component instance block -- xilinx.com:ip:axi_bram_ctrl:4.1 - axi_bram_ctrl_1
Adding component instance block -- xilinx.com:ip:blk_mem_gen:8.4 - axi_bram_ctrl_1_bram
Adding component instance block -- xilinx.com:ip:axi_gpio:2.0 - axi_gpio_0
Adding component instance block -- xilinx.com:ip:axi_gpio:2.0 - axi_gpio_1
Adding component instance block -- xilinx.com:ip:axi_interconnect:2.1 - axi_interconnect_0
Adding component instance block -- xilinx.com:ip:axi_crossbar:2.1 - xbar
Adding component instance block -- xilinx.com:ip:axi_protocol_converter:2.1 - auto_pc
Adding component instance block -- xilinx.com:ip:axi_protocol_converter:2.1 - auto_pc
Adding component instance block -- xilinx.com:ip:clk_wiz:6.0 - clk_wiz_0
Adding component instance block -- xilinx.com:inline_hdl:ilconstant:1.0 - ilconstant_0
Adding component instance block -- xilinx.com:inline_hdl:ilconstant:1.0 - ilconstant_1
Adding component instance block -- xilinx.com:ip:proc_sys_reset:5.0 - proc_sys_reset_0
Successfully read diagram <RISC_V_block> from block design file <C:/RISC_V_research/RISC_V/RISC_V.srcs/sources_1/bd/RISC_V_block/RISC_V_block.bd>
open_bd_design: Time (s): cpu = 00:00:06 ; elapsed = 00:00:06 . Memory (MB): peak = 1844.902 ; gain = 121.379
update_compile_order -fileset sources_1
make_wrapper -files [get_files C:/RISC_V_research/RISC_V/RISC_V.srcs/sources_1/bd/RISC_V_block/RISC_V_block.bd] -top
INFO: [BD 41-1662] The design 'RISC_V_block.bd' is already validated. Therefore parameter propagation will not be re-run.
WARNING: [BD 41-2384] Width mismatch when connecting pin: '/axi_interconnect_0/xbar/s_axi_arid'(2) to pin: '/axi_interconnect_0/s00_couplers/M_AXI_arid'(1) - Only lower order bits will be connected.
WARNING: [BD 41-2384] Width mismatch when connecting pin: '/axi_interconnect_0/xbar/s_axi_awid'(2) to pin: '/axi_interconnect_0/s01_couplers/M_AXI_awid'(1) - Only lower order bits will be connected.
WARNING: [BD 41-2384] Width mismatch when connecting pin: '/axi_interconnect_0/xbar/s_axi_arid'(2) to pin: '/axi_interconnect_0/s01_couplers/M_AXI_arid'(1) - Only lower order bits will be connected.
WARNING: [BD 41-2384] Width mismatch when connecting pin: '/RISC_V_0/f_M_AXI_RID'(1) to pin: '/axi_interconnect_0/S00_AXI_rid'(2) - Only lower order bits will be connected.
WARNING: [BD 41-2384] Width mismatch when connecting pin: '/RISC_V_0/ls_M_AXI_BID'(1) to pin: '/axi_interconnect_0/S01_AXI_bid'(2) - Only lower order bits will be connected.
WARNING: [BD 41-2384] Width mismatch when connecting pin: '/RISC_V_0/ls_M_AXI_RID'(1) to pin: '/axi_interconnect_0/S01_AXI_rid'(2) - Only lower order bits will be connected.
WARNING: [BD 41-2384] Width mismatch when connecting pin: '/axi_bram_ctrl_0_bram/addra'(32) to pin: '/axi_bram_ctrl_0/bram_addr_a'(15) - Only lower order bits will be connected.
WARNING: [BD 41-2384] Width mismatch when connecting pin: '/axi_bram_ctrl_1_bram/addra'(32) to pin: '/axi_bram_ctrl_1/bram_addr_a'(15) - Only lower order bits will be connected.
VHDL Output written to : c:/RISC_V_research/RISC_V/RISC_V.gen/sources_1/bd/RISC_V_block/synth/RISC_V_block.vhd
WARNING: [BD 41-2384] Width mismatch when connecting pin: '/axi_interconnect_0/xbar/s_axi_arid'(2) to pin: '/axi_interconnect_0/s00_couplers/M_AXI_arid'(1) - Only lower order bits will be connected.
WARNING: [BD 41-2384] Width mismatch when connecting pin: '/axi_interconnect_0/xbar/s_axi_awid'(2) to pin: '/axi_interconnect_0/s01_couplers/M_AXI_awid'(1) - Only lower order bits will be connected.
WARNING: [BD 41-2384] Width mismatch when connecting pin: '/axi_interconnect_0/xbar/s_axi_arid'(2) to pin: '/axi_interconnect_0/s01_couplers/M_AXI_arid'(1) - Only lower order bits will be connected.
WARNING: [BD 41-2384] Width mismatch when connecting pin: '/RISC_V_0/f_M_AXI_RID'(1) to pin: '/axi_interconnect_0/S00_AXI_rid'(2) - Only lower order bits will be connected.
WARNING: [BD 41-2384] Width mismatch when connecting pin: '/RISC_V_0/ls_M_AXI_BID'(1) to pin: '/axi_interconnect_0/S01_AXI_bid'(2) - Only lower order bits will be connected.
WARNING: [BD 41-2384] Width mismatch when connecting pin: '/RISC_V_0/ls_M_AXI_RID'(1) to pin: '/axi_interconnect_0/S01_AXI_rid'(2) - Only lower order bits will be connected.
WARNING: [BD 41-2384] Width mismatch when connecting pin: '/axi_bram_ctrl_0_bram/addra'(32) to pin: '/axi_bram_ctrl_0/bram_addr_a'(15) - Only lower order bits will be connected.
WARNING: [BD 41-2384] Width mismatch when connecting pin: '/axi_bram_ctrl_1_bram/addra'(32) to pin: '/axi_bram_ctrl_1/bram_addr_a'(15) - Only lower order bits will be connected.
VHDL Output written to : c:/RISC_V_research/RISC_V/RISC_V.gen/sources_1/bd/RISC_V_block/sim/RISC_V_block.vhd
VHDL Output written to : c:/RISC_V_research/RISC_V/RISC_V.gen/sources_1/bd/RISC_V_block/hdl/RISC_V_block_wrapper.vhd
WARNING: [IP_Flow 19-4067] Ignoring invalid widget type specified checkbox.Providing a default widget
WARNING: [IP_Flow 19-4067] Ignoring invalid widget type specified checkbox.Providing a default widget
INFO: [IP_Flow 19-3484] Absolute path of file 'c:/RISC_V_research/cylon_test/cylon_test/cylon_test.coe' provided. It will be converted relative to IP Instance files '../../../../../cylon_test/cylon_test/cylon_test.coe'
startgroup
set_property -dict [list \
  CONFIG.Coe_File {C:/RISC_V_research/cylon_test/cylon_test/cylon_test.coe} \
  CONFIG.Load_Init_File {true} \
] [get_bd_cells axi_bram_ctrl_0_bram]
INFO: [IP_Flow 19-3484] Absolute path of file 'c:/RISC_V_research/cylon_test/cylon_test/cylon_test.coe' provided. It will be converted relative to IP Instance files '../../../../../../../cylon_test/cylon_test/cylon_test.coe'
INFO: [IP_Flow 19-3484] Absolute path of file 'c:/RISC_V_research/cylon_test/cylon_test/cylon_test.coe' provided. It will be converted relative to IP Instance files '../../../../../../../cylon_test/cylon_test/cylon_test.coe'
endgroup
set_property top RISC_V_tb [get_filesets sim_1]
set_property top_lib xil_defaultlib [get_filesets sim_1]
update_compile_order -fileset sim_1
save_bd_design
Wrote  : <C:\RISC_V_research\RISC_V\RISC_V.srcs\sources_1\bd\RISC_V_block\RISC_V_block.bd> 
generate_target Simulation [get_files C:/RISC_V_research/RISC_V/RISC_V.srcs/sources_1/bd/RISC_V_block/RISC_V_block.bd]
INFO: [xilinx.com:ip:clk_wiz:6.0-1] /clk_wiz_0 clk_wiz propagate
INFO: [xilinx.com:ip:clk_wiz:6.0-1] /clk_wiz_0 clk_wiz propagate
Wrote  : <C:\RISC_V_research\RISC_V\RISC_V.srcs\sources_1\bd\RISC_V_block\RISC_V_block.bd> 
WARNING: [BD 41-2384] Width mismatch when connecting pin: '/axi_interconnect_0/xbar/s_axi_arid'(2) to pin: '/axi_interconnect_0/s00_couplers/M_AXI_arid'(1) - Only lower order bits will be connected.
WARNING: [BD 41-2384] Width mismatch when connecting pin: '/axi_interconnect_0/xbar/s_axi_awid'(2) to pin: '/axi_interconnect_0/s01_couplers/M_AXI_awid'(1) - Only lower order bits will be connected.
WARNING: [BD 41-2384] Width mismatch when connecting pin: '/axi_interconnect_0/xbar/s_axi_arid'(2) to pin: '/axi_interconnect_0/s01_couplers/M_AXI_arid'(1) - Only lower order bits will be connected.
WARNING: [BD 41-2384] Width mismatch when connecting pin: '/RISC_V_0/f_M_AXI_RID'(1) to pin: '/axi_interconnect_0/S00_AXI_rid'(2) - Only lower order bits will be connected.
WARNING: [BD 41-2384] Width mismatch when connecting pin: '/RISC_V_0/ls_M_AXI_BID'(1) to pin: '/axi_interconnect_0/S01_AXI_bid'(2) - Only lower order bits will be connected.
WARNING: [BD 41-2384] Width mismatch when connecting pin: '/RISC_V_0/ls_M_AXI_RID'(1) to pin: '/axi_interconnect_0/S01_AXI_rid'(2) - Only lower order bits will be connected.
WARNING: [BD 41-2384] Width mismatch when connecting pin: '/axi_bram_ctrl_0_bram/addra'(32) to pin: '/axi_bram_ctrl_0/bram_addr_a'(15) - Only lower order bits will be connected.
WARNING: [BD 41-2384] Width mismatch when connecting pin: '/axi_bram_ctrl_1_bram/addra'(32) to pin: '/axi_bram_ctrl_1/bram_addr_a'(15) - Only lower order bits will be connected.
VHDL Output written to : c:/RISC_V_research/RISC_V/RISC_V.gen/sources_1/bd/RISC_V_block/synth/RISC_V_block.vhd
WARNING: [BD 41-2384] Width mismatch when connecting pin: '/axi_interconnect_0/xbar/s_axi_arid'(2) to pin: '/axi_interconnect_0/s00_couplers/M_AXI_arid'(1) - Only lower order bits will be connected.
WARNING: [BD 41-2384] Width mismatch when connecting pin: '/axi_interconnect_0/xbar/s_axi_awid'(2) to pin: '/axi_interconnect_0/s01_couplers/M_AXI_awid'(1) - Only lower order bits will be connected.
WARNING: [BD 41-2384] Width mismatch when connecting pin: '/axi_interconnect_0/xbar/s_axi_arid'(2) to pin: '/axi_interconnect_0/s01_couplers/M_AXI_arid'(1) - Only lower order bits will be connected.
WARNING: [BD 41-2384] Width mismatch when connecting pin: '/RISC_V_0/f_M_AXI_RID'(1) to pin: '/axi_interconnect_0/S00_AXI_rid'(2) - Only lower order bits will be connected.
WARNING: [BD 41-2384] Width mismatch when connecting pin: '/RISC_V_0/ls_M_AXI_BID'(1) to pin: '/axi_interconnect_0/S01_AXI_bid'(2) - Only lower order bits will be connected.
WARNING: [BD 41-2384] Width mismatch when connecting pin: '/RISC_V_0/ls_M_AXI_RID'(1) to pin: '/axi_interconnect_0/S01_AXI_rid'(2) - Only lower order bits will be connected.
WARNING: [BD 41-2384] Width mismatch when connecting pin: '/axi_bram_ctrl_0_bram/addra'(32) to pin: '/axi_bram_ctrl_0/bram_addr_a'(15) - Only lower order bits will be connected.
WARNING: [BD 41-2384] Width mismatch when connecting pin: '/axi_bram_ctrl_1_bram/addra'(32) to pin: '/axi_bram_ctrl_1/bram_addr_a'(15) - Only lower order bits will be connected.
VHDL Output written to : c:/RISC_V_research/RISC_V/RISC_V.gen/sources_1/bd/RISC_V_block/sim/RISC_V_block.vhd
VHDL Output written to : c:/RISC_V_research/RISC_V/RISC_V.gen/sources_1/bd/RISC_V_block/hdl/RISC_V_block_wrapper.vhd
INFO: [BD 41-1029] Generation completed for the IP Integrator block RISC_V_0 .
INFO: [BD 41-1029] Generation completed for the IP Integrator block axi_bram_ctrl_0 .
INFO: [BD 41-1029] Generation completed for the IP Integrator block axi_bram_ctrl_0_bram .
INFO: [BD 41-1029] Generation completed for the IP Integrator block axi_bram_ctrl_1 .
INFO: [BD 41-1029] Generation completed for the IP Integrator block axi_bram_ctrl_1_bram .
INFO: [BD 41-1029] Generation completed for the IP Integrator block axi_gpio_0 .
INFO: [BD 41-1029] Generation completed for the IP Integrator block axi_gpio_1 .
INFO: [BD 41-1029] Generation completed for the IP Integrator block axi_interconnect_0/xbar .
INFO: [BD 41-1029] Generation completed for the IP Integrator block clk_wiz_0 .
INFO: [BD 41-1029] Generation completed for the IP Integrator block proc_sys_reset_0 .
INFO: [BD 41-1029] Generation completed for the IP Integrator block axi_interconnect_0/m02_couplers/auto_pc .
INFO: [BD 41-1029] Generation completed for the IP Integrator block axi_interconnect_0/m03_couplers/auto_pc .
Exporting to file c:/RISC_V_research/RISC_V/RISC_V.gen/sources_1/bd/RISC_V_block/hw_handoff/RISC_V_block.hwh
Generated Hardware Definition File c:/RISC_V_research/RISC_V/RISC_V.gen/sources_1/bd/RISC_V_block/synth/RISC_V_block.hwdef
INFO: [BD 41-3262] Generated VHDL Instantiation Template file c:/RISC_V_research/RISC_V/RISC_V.gen/sources_1/bd/RISC_V_block/RISC_V_block.vho
INFO: [BD 41-3262] Generated Verilog Instantiation Template file c:/RISC_V_research/RISC_V/RISC_V.gen/sources_1/bd/RISC_V_block/RISC_V_block.veo
INFO: [BD 41-3262] Generated System Verilog Instantiation Template file c:/RISC_V_research/RISC_V/RISC_V.gen/sources_1/bd/RISC_V_block/RISC_V_block_sv.sveo
generate_target: Time (s): cpu = 00:00:04 ; elapsed = 00:00:05 . Memory (MB): peak = 2302.816 ; gain = 0.000
export_ip_user_files -of_objects [get_files C:/RISC_V_research/RISC_V/RISC_V.srcs/sources_1/bd/RISC_V_block/RISC_V_block.bd] -no_script -sync -force -quiet
export_simulation -of_objects [get_files C:/RISC_V_research/RISC_V/RISC_V.srcs/sources_1/bd/RISC_V_block/RISC_V_block.bd] -directory C:/RISC_V_research/RISC_V/RISC_V.ip_user_files/sim_scripts -ip_user_files_dir C:/RISC_V_research/RISC_V/RISC_V.ip_user_files -ipstatic_source_dir C:/RISC_V_research/RISC_V/RISC_V.ip_user_files/ipstatic -lib_map_path [list {modelsim=C:/RISC_V_research/RISC_V/RISC_V.cache/compile_simlib/modelsim} {questa=C:/RISC_V_research/RISC_V/RISC_V.cache/compile_simlib/questa} {riviera=C:/RISC_V_research/RISC_V/RISC_V.cache/compile_simlib/riviera} {activehdl=C:/RISC_V_research/RISC_V/RISC_V.cache/compile_simlib/activehdl}] -use_ip_compiled_libs -force -quiet
launch_simulation
Command: launch_simulation  -mode behavioral
INFO: [Vivado 12-25911] Executing simulation for 'XSim' simulator
INFO: [Vivado 12-28535] Process started - Wed Aug 26 21:02:49 2026

INFO: [Vivado 12-12493] Simulation top is 'RISC_V_tb'
INFO: [Vivado 12-5682] Launching behavioral simulation in 'C:/RISC_V_research/RISC_V/RISC_V.sim/sim_1/behav/xsim'
INFO: [SIM-utils-51] Simulation object is 'sim_1'
INFO: [SIM-utils-72] Using boost library from 'C:/AMDDesignTools/2026.1/Vivado/tps/boost_1_72_0'
INFO: [USF-XSim-7] Finding pre-compiled libraries...
INFO: [USF-XSim-11] File 'C:/AMDDesignTools/2026.1/Vivado/data/xsim/xsim.ini' copied to run dir:'C:/RISC_V_research/RISC_V/RISC_V.sim/sim_1/behav/xsim'
INFO: [SIM-utils-54] Inspecting design source files for 'RISC_V_tb' in fileset 'sim_1'...
INFO: [SIM-utils-43] Exported 'C:/RISC_V_research/RISC_V/RISC_V.sim/sim_1/behav/xsim/cylon_test.coe'
INFO: [SIM-utils-43] Exported 'C:/RISC_V_research/RISC_V/RISC_V.sim/sim_1/behav/xsim/RISC_V_block_axi_bram_ctrl_0_bram_0.mif'
INFO: [USF-XSim-97] Finding global include files...
INFO: [USF-XSim-98] Fetching design files from 'sim_1'...
INFO: [USF-XSim-2] XSim::Compile design
INFO: [USF-XSim-61] Executing 'COMPILE and ANALYZE' step in 'C:/RISC_V_research/RISC_V/RISC_V.sim/sim_1/behav/xsim'
"xvlog --incr --relax -prj RISC_V_tb_vlog.prj"
INFO: [VRFC 10-2263] Analyzing Verilog file "C:/RISC_V_research/RISC_V/RISC_V.ip_user_files/bd/RISC_V_block/ip/RISC_V_block_axi_bram_ctrl_0_bram_0/sim/RISC_V_block_axi_bram_ctrl_0_bram_0.v" into library xil_defaultlib
INFO: [VRFC 10-311] analyzing module RISC_V_block_axi_bram_ctrl_0_bram_0
INFO: [VRFC 10-2263] Analyzing Verilog file "C:/RISC_V_research/RISC_V/RISC_V.ip_user_files/bd/RISC_V_block/ip/RISC_V_block_axi_bram_ctrl_1_bram_0/sim/RISC_V_block_axi_bram_ctrl_1_bram_0.v" into library xil_defaultlib
INFO: [VRFC 10-311] analyzing module RISC_V_block_axi_bram_ctrl_1_bram_0
INFO: [VRFC 10-2263] Analyzing Verilog file "C:/RISC_V_research/RISC_V/RISC_V.ip_user_files/bd/RISC_V_block/ip/RISC_V_block_axi_interconnect_0_imp_xbar_0/sim/RISC_V_block_axi_interconnect_0_imp_xbar_0.v" into library xil_defaultlib
INFO: [VRFC 10-311] analyzing module RISC_V_block_axi_interconnect_0_imp_xbar_0
INFO: [VRFC 10-2263] Analyzing Verilog file "C:/RISC_V_research/RISC_V/RISC_V.ip_user_files/bd/RISC_V_block/ip/RISC_V_block_clk_wiz_0_0/RISC_V_block_clk_wiz_0_0_clk_wiz.v" into library xil_defaultlib
INFO: [VRFC 10-311] analyzing module RISC_V_block_clk_wiz_0_0_clk_wiz
INFO: [VRFC 10-2263] Analyzing Verilog file "C:/RISC_V_research/RISC_V/RISC_V.ip_user_files/bd/RISC_V_block/ip/RISC_V_block_clk_wiz_0_0/RISC_V_block_clk_wiz_0_0.v" into library xil_defaultlib
INFO: [VRFC 10-311] analyzing module RISC_V_block_clk_wiz_0_0
INFO: [VRFC 10-2263] Analyzing Verilog file "C:/RISC_V_research/RISC_V/RISC_V.ip_user_files/bd/RISC_V_block/ip/RISC_V_block_axi_interconnect_0_imp_auto_pc_0/sim/RISC_V_block_axi_interconnect_0_imp_auto_pc_0.v" into library xil_defaultlib
INFO: [VRFC 10-311] analyzing module RISC_V_block_axi_interconnect_0_imp_auto_pc_0
INFO: [VRFC 10-2263] Analyzing Verilog file "C:/RISC_V_research/RISC_V/RISC_V.ip_user_files/bd/RISC_V_block/ip/RISC_V_block_axi_interconnect_0_imp_auto_pc_1/sim/RISC_V_block_axi_interconnect_0_imp_auto_pc_1.v" into library xil_defaultlib
INFO: [VRFC 10-311] analyzing module RISC_V_block_axi_interconnect_0_imp_auto_pc_1
INFO: [VRFC 10-2263] Analyzing Verilog file "C:/RISC_V_research/RISC_V/RISC_V.sim/sim_1/behav/xsim/glbl.v" into library xil_defaultlib
INFO: [VRFC 10-311] analyzing module glbl
"xvhdl --incr --relax -prj RISC_V_tb_vhdl.prj"
INFO: [VRFC 10-163] Analyzing VHDL file "C:/RISC_V_research/RISC_V/RISC_V.srcs/sources_1/imports/new/RISCV_package.vhdl" into library xil_defaultlib
INFO: [VRFC 10-163] Analyzing VHDL file "C:/RISC_V_research/RISC_V/RISC_V.srcs/sources_1/imports/imports/new/generic_shifter.vhdl" into library xil_defaultlib
INFO: [VRFC 10-3107] analyzing entity 'generic_shifter'
INFO: [VRFC 10-163] Analyzing VHDL file "C:/RISC_V_research/RISC_V/RISC_V.srcs/sources_1/imports/new/ALU.vhdl" into library xil_defaultlib
INFO: [VRFC 10-3107] analyzing entity 'ALU'
INFO: [VRFC 10-163] Analyzing VHDL file "C:/RISC_V_research/RISC_V/RISC_V.srcs/sources_1/imports/imports/packages/generic_FIFO.vhdl" into library xil_defaultlib
INFO: [VRFC 10-3107] analyzing entity 'generic_FIFO'
INFO: [VRFC 10-163] Analyzing VHDL file "C:/RISC_V_research/RISC_V/RISC_V.srcs/sources_1/imports/new/Fetch.vhdl" into library xil_defaultlib
INFO: [VRFC 10-3107] analyzing entity 'Fetch'
INFO: [VRFC 10-163] Analyzing VHDL file "C:/RISC_V_research/RISC_V/RISC_V.srcs/sources_1/imports/new/Instruction_Decoder.vhdl" into library xil_defaultlib
INFO: [VRFC 10-3107] analyzing entity 'Instruction_Decoder'
INFO: [VRFC 10-163] Analyzing VHDL file "C:/RISC_V_research/RISC_V/RISC_V.srcs/sources_1/imports/new/Load_Store.vhdl" into library xil_defaultlib
INFO: [VRFC 10-3107] analyzing entity 'Load_Store'
INFO: [VRFC 10-163] Analyzing VHDL file "C:/RISC_V_research/RISC_V/RISC_V.srcs/sources_1/imports/imports/new/mi_package.vhdl" into library xil_defaultlib
INFO: [VRFC 10-163] Analyzing VHDL file "C:/RISC_V_research/RISC_V/RISC_V.srcs/sources_1/imports/imports/new/generic_register.vhd" into library xil_defaultlib
INFO: [VRFC 10-3107] analyzing entity 'generic_register'
INFO: [VRFC 10-163] Analyzing VHDL file "C:/RISC_V_research/RISC_V/RISC_V.srcs/sources_1/imports/imports/new/generic_register_file.vhd" into library xil_defaultlib
INFO: [VRFC 10-3107] analyzing entity 'generic_register_file'
INFO: [VRFC 10-163] Analyzing VHDL file "C:/RISC_V_research/RISC_V/RISC_V.srcs/sources_1/imports/imports/new/generic_counter.vhdl" into library xil_defaultlib
INFO: [VRFC 10-3107] analyzing entity 'generic_counter'
INFO: [VRFC 10-163] Analyzing VHDL file "C:/RISC_V_research/RISC_V/RISC_V.srcs/sources_1/imports/new/btu.vhdl" into library xil_defaultlib
INFO: [VRFC 10-3107] analyzing entity 'btu'
INFO: [VRFC 10-163] Analyzing VHDL file "C:/RISC_V_research/RISC_V/RISC_V.srcs/sources_1/imports/new/datapath.vhdl" into library xil_defaultlib
INFO: [VRFC 10-3107] analyzing entity 'Datapath'
INFO: [VRFC 10-163] Analyzing VHDL file "C:/RISC_V_research/RISC_V/RISC_V.srcs/sources_1/imports/new/Sequencer.vhdl" into library xil_defaultlib
INFO: [VRFC 10-3107] analyzing entity 'Sequencer'
INFO: [VRFC 10-163] Analyzing VHDL file "C:/RISC_V_research/RISC_V/RISC_V.srcs/sources_1/imports/new/RISC_V.vhdl" into library xil_defaultlib
INFO: [VRFC 10-3107] analyzing entity 'RISC_V'
INFO: [VRFC 10-163] Analyzing VHDL file "C:/RISC_V_research/RISC_V/RISC_V.ip_user_files/bd/RISC_V_block/ip/RISC_V_block_RISC_V_0_0/sim/RISC_V_block_RISC_V_0_0.vhd" into library xil_defaultlib
INFO: [VRFC 10-3107] analyzing entity 'RISC_V_block_RISC_V_0_0'
INFO: [VRFC 10-163] Analyzing VHDL file "C:/RISC_V_research/RISC_V/RISC_V.ip_user_files/bd/RISC_V_block/ip/RISC_V_block_axi_bram_ctrl_0_0/sim/RISC_V_block_axi_bram_ctrl_0_0.vhd" into library xil_defaultlib
INFO: [VRFC 10-3107] analyzing entity 'RISC_V_block_axi_bram_ctrl_0_0'
INFO: [VRFC 10-163] Analyzing VHDL file "C:/RISC_V_research/RISC_V/RISC_V.ip_user_files/bd/RISC_V_block/ip/RISC_V_block_axi_bram_ctrl_1_0/sim/RISC_V_block_axi_bram_ctrl_1_0.vhd" into library xil_defaultlib
INFO: [VRFC 10-3107] analyzing entity 'RISC_V_block_axi_bram_ctrl_1_0'
INFO: [VRFC 10-163] Analyzing VHDL file "C:/RISC_V_research/RISC_V/RISC_V.ip_user_files/bd/RISC_V_block/ip/RISC_V_block_axi_gpio_0_0/sim/RISC_V_block_axi_gpio_0_0.vhd" into library xil_defaultlib
INFO: [VRFC 10-3107] analyzing entity 'RISC_V_block_axi_gpio_0_0'
INFO: [VRFC 10-163] Analyzing VHDL file "C:/RISC_V_research/RISC_V/RISC_V.ip_user_files/bd/RISC_V_block/ip/RISC_V_block_axi_gpio_1_0/sim/RISC_V_block_axi_gpio_1_0.vhd" into library xil_defaultlib
INFO: [VRFC 10-3107] analyzing entity 'RISC_V_block_axi_gpio_1_0'
INFO: [VRFC 10-163] Analyzing VHDL file "C:/RISC_V_research/RISC_V/RISC_V.ip_user_files/bd/RISC_V_block/ip/RISC_V_block_proc_sys_reset_0_0/sim/RISC_V_block_proc_sys_reset_0_0.vhd" into library xil_defaultlib
INFO: [VRFC 10-3107] analyzing entity 'RISC_V_block_proc_sys_reset_0_0'
INFO: [VRFC 10-163] Analyzing VHDL file "C:/RISC_V_research/RISC_V/RISC_V.ip_user_files/bd/RISC_V_block/sim/RISC_V_block.vhd" into library xil_defaultlib
INFO: [VRFC 10-3107] analyzing entity 'm00_couplers_imp_1FYWC4H'
INFO: [VRFC 10-3107] analyzing entity 'm01_couplers_imp_1BU0OTD'
INFO: [VRFC 10-3107] analyzing entity 'm02_couplers_imp_15DHFQ9'
INFO: [VRFC 10-3107] analyzing entity 'm03_couplers_imp_104MPEP'
INFO: [VRFC 10-3107] analyzing entity 's00_couplers_imp_1A2ZIK2'
INFO: [VRFC 10-3107] analyzing entity 's01_couplers_imp_1D6FS6Q'
INFO: [VRFC 10-3107] analyzing entity 'RISC_V_block_axi_interconnect_0_0'
INFO: [VRFC 10-3107] analyzing entity 'RISC_V_block'
INFO: [VRFC 10-163] Analyzing VHDL file "C:/RISC_V_research/RISC_V/RISC_V.gen/sources_1/bd/RISC_V_block/hdl/RISC_V_block_wrapper.vhd" into library xil_defaultlib
INFO: [VRFC 10-3107] analyzing entity 'RISC_V_block_wrapper'
INFO: [VRFC 10-163] Analyzing VHDL file "C:/RISC_V_research/RISC_V/RISC_V.srcs/sim_1/imports/new/RISC_V_tb.vhdl" into library xil_defaultlib
INFO: [VRFC 10-3107] analyzing entity 'RISC_V_tb'
INFO: [USF-XSim-69] 'compile' step finished in '4' seconds
INFO: [USF-XSim-3] XSim::Elaborate design
INFO: [USF-XSim-61] Executing 'ELABORATE' step in 'C:/RISC_V_research/RISC_V/RISC_V.sim/sim_1/behav/xsim'
"xelab --incr --debug typical --relax --mt 2 -L xil_defaultlib -L axi_bram_ctrl_v4_1_14 -L blk_mem_gen_v8_4_13 -L axi_lite_ipif_v3_1_0 -L interrupt_control_v3_2_0 -L axi_gpio_v2_0_38 -L generic_baseblocks_v2_1_2 -L axi_infrastructure_v1_1_0 -L axi_register_slice_v2_1_37 -L fifo_generator_v13_2_15 -L axi_data_fifo_v2_1_37 -L axi_crossbar_v2_1_39 -L proc_sys_reset_v5_0_17 -L axi_protocol_converter_v2_1_38 -L unisims_ver -L unimacro_ver -L secureip -L xpm --snapshot RISC_V_tb_behav xil_defaultlib.RISC_V_tb xil_defaultlib.glbl -log elaborate.log"
Vivado Simulator v2026.1
Copyright 1986-2022 Xilinx, Inc. All Rights Reserved.
Copyright 2022-2026 Advanced Micro Devices, Inc. All Rights Reserved.
Running: C:/AMDDesignTools/2026.1/Vivado/bin/unwrapped/win64.o/xelab.exe --incr --debug typical --relax --mt 2 -L xil_defaultlib -L axi_bram_ctrl_v4_1_14 -L blk_mem_gen_v8_4_13 -L axi_lite_ipif_v3_1_0 -L interrupt_control_v3_2_0 -L axi_gpio_v2_0_38 -L generic_baseblocks_v2_1_2 -L axi_infrastructure_v1_1_0 -L axi_register_slice_v2_1_37 -L fifo_generator_v13_2_15 -L axi_data_fifo_v2_1_37 -L axi_crossbar_v2_1_39 -L proc_sys_reset_v5_0_17 -L axi_protocol_converter_v2_1_38 -L unisims_ver -L unimacro_ver -L secureip -L xpm --snapshot RISC_V_tb_behav xil_defaultlib.RISC_V_tb xil_defaultlib.glbl -log elaborate.log 
INFO: [XSIM 43-3493] Using 2 slave threads.
Starting static elaboration
Pass Through NonSizing Optimizer
WARNING: [VRFC 10-1409] subtype of case expression is not locally static [C:/RISC_V_research/RISC_V/RISC_V.srcs/sources_1/imports/new/Instruction_Decoder.vhdl:54]
WARNING: [VRFC 10-5021] port 'aclk2x' is not connected on this instance [/wrk/ci/prod/2026.1/sw/continuous/3336/output/customer/vivado/data/ip/xilinx/axi_protocol_converter_v2_1/hdl/axi_protocol_converter_v2_1_vl_rfs.v:4855]
WARNING: [VRFC 10-5021] port 'aclk2x' is not connected on this instance [/wrk/ci/prod/2026.1/sw/continuous/3336/output/customer/vivado/data/ip/xilinx/axi_protocol_converter_v2_1/hdl/axi_protocol_converter_v2_1_vl_rfs.v:5110]
WARNING: [VRFC 10-5021] port 'aclk2x' is not connected on this instance [/wrk/ci/prod/2026.1/sw/continuous/3336/output/customer/vivado/data/ip/xilinx/axi_crossbar_v2_1/hdl/axi_crossbar_v2_1_vl_rfs.v:3097]
Completed static elaboration
Starting simulation data flow analysis
Completed simulation data flow analysis
Time Resolution for simulation is 1ps
Compiling package std.standard
Compiling package std.textio
Compiling package ieee.std_logic_1164
Compiling package ieee.numeric_std
Compiling package ieee.math_real
Compiling package xil_defaultlib.riscv_package
Compiling package unisim.vcomponents
Compiling package xil_defaultlib.mi_package
Compiling package ieee.std_logic_arith
Compiling package xpm.vcomponents
Compiling package axi_bram_ctrl_v4_1_14.axi_bram_ctrl_funcs
Compiling package ieee.vital_timing
Compiling package ieee.vital_primitives
Compiling package unisim.vpkg
Compiling package ieee.std_logic_unsigned
Compiling package synopsys.attributes
Compiling package ieee.std_logic_misc
Compiling package axi_lite_ipif_v3_1_0.ipif_pkg
Compiling package vl.vl_types
Compiling module xil_defaultlib.glbl
Compiling architecture behavioral of entity xil_defaultlib.generic_register [\generic_register(bits=32)\]
Compiling architecture behavioral of entity xil_defaultlib.generic_register_file [generic_register_file_default]
Compiling architecture behavioral of entity xil_defaultlib.generic_shifter [\generic_shifter(shamt_bits=5)\]
Compiling architecture behavioral of entity xil_defaultlib.ALU [alu_default]
Compiling architecture behavioral of entity xil_defaultlib.generic_counter [\generic_counter(bits=30)\]
Compiling architecture behavioral of entity xil_defaultlib.btu [btu_default]
Compiling architecture behavioral of entity xil_defaultlib.Datapath [datapath_default]
Compiling architecture behavioral of entity xil_defaultlib.Instruction_Decoder [instruction_decoder_default]
Compiling architecture behavioral of entity xil_defaultlib.Sequencer [sequencer_default]
Compiling architecture behavioral of entity xil_defaultlib.generic_FIFO [\generic_FIFO(bits=64)\]
Compiling architecture implementation of entity xil_defaultlib.Fetch [\Fetch(c_m_axi_addr_width=32)(0,...]
Compiling architecture implementation of entity xil_defaultlib.Load_Store [\Load_Store(c_m_axi_addr_width=3...]
Compiling architecture behavioral of entity xil_defaultlib.RISC_V [risc_v_default]
Compiling architecture risc_v_block_risc_v_0_0_arch of entity xil_defaultlib.RISC_V_block_RISC_V_0_0 [risc_v_block_risc_v_0_0_default]
Compiling architecture implementation of entity axi_bram_ctrl_v4_1_14.sng_port_arb [\sng_port_arb(c_s_axi_addr_width...]
Compiling architecture implementation of entity axi_bram_ctrl_v4_1_14.ua_narrow [\ua_narrow(c_bram_addr_adjust_fa...]
Compiling architecture implementation of entity axi_bram_ctrl_v4_1_14.wrap_brst [\wrap_brst(c_axi_addr_width=15,c...]
Compiling architecture muxcy_v of entity unisim.MUXCY [muxcy_default]
Compiling architecture muxcy_l_v of entity unisim.MUXCY_L [muxcy_l_default]
Compiling architecture xorcy_v of entity unisim.XORCY [xorcy_default]
Compiling architecture srl16e_v of entity unisim.SRL16E [\SRL16E(0,15)\]
Compiling architecture fdre_v of entity unisim.FDRE [fdre_default]
Compiling architecture fdr_v of entity unisim.FDR [fdr_default]
Compiling architecture imp of entity axi_bram_ctrl_v4_1_14.SRL_FIFO [\SRL_FIFO(c_data_bits=2,c_depth=...]
Compiling architecture implementation of entity axi_bram_ctrl_v4_1_14.wr_chnl [\wr_chnl(c_axi_addr_width=15,c_a...]
Compiling architecture implementation of entity axi_bram_ctrl_v4_1_14.rd_chnl [\rd_chnl(c_axi_addr_width=15,c_a...]
Compiling architecture implementation of entity axi_bram_ctrl_v4_1_14.full_axi [\full_axi(c_s_axi_addr_width=15,...]
Compiling architecture implementation of entity axi_bram_ctrl_v4_1_14.axi_bram_ctrl_top [\axi_bram_ctrl_top(c_bram_addr_w...]
Compiling architecture implementation of entity axi_bram_ctrl_v4_1_14.axi_bram_ctrl [\axi_bram_ctrl(c_memory_depth=81...]
Compiling architecture risc_v_block_axi_bram_ctrl_0_0_arch of entity xil_defaultlib.RISC_V_block_axi_bram_ctrl_0_0 [risc_v_block_axi_bram_ctrl_0_0_d...]
Compiling module blk_mem_gen_v8_4_13.BLK_MEM_GEN_v8_4_output_stage(C_...
Compiling module blk_mem_gen_v8_4_13.BLK_MEM_GEN_v8_4_output_stage(C_...
Compiling module blk_mem_gen_v8_4_13.BLK_MEM_GEN_v8_4_softecc_output_...
Compiling module blk_mem_gen_v8_4_13.BLK_MEM_GEN_v8_4_mem_module(C_FA...
Compiling module blk_mem_gen_v8_4_13.blk_mem_gen_v8_4_13(C_FAMILY="ar...
Compiling module xil_defaultlib.RISC_V_block_axi_bram_ctrl_0_bra...
Compiling architecture risc_v_block_axi_bram_ctrl_1_0_arch of entity xil_defaultlib.RISC_V_block_axi_bram_ctrl_1_0 [risc_v_block_axi_bram_ctrl_1_0_d...]
Compiling module blk_mem_gen_v8_4_13.BLK_MEM_GEN_v8_4_mem_module(C_FA...
Compiling module blk_mem_gen_v8_4_13.blk_mem_gen_v8_4_13(C_FAMILY="ar...
Compiling module xil_defaultlib.RISC_V_block_axi_bram_ctrl_1_bra...
Compiling architecture imp of entity axi_lite_ipif_v3_1_0.pselect_f [\pselect_f(c_ab=2,c_aw=2,c_bar="...]
Compiling architecture imp of entity axi_lite_ipif_v3_1_0.pselect_f [\pselect_f(c_ab=2,c_aw=2,c_bar="...]
Compiling architecture imp of entity axi_lite_ipif_v3_1_0.pselect_f [\pselect_f(c_ab=2,c_aw=2,c_bar="...]
Compiling architecture imp of entity axi_lite_ipif_v3_1_0.pselect_f [\pselect_f(c_ab=2,c_aw=2,c_bar="...]
Compiling architecture imp of entity axi_lite_ipif_v3_1_0.address_decoder [\address_decoder(c_bus_awidth=9,...]
Compiling architecture imp of entity axi_lite_ipif_v3_1_0.slave_attachment [\slave_attachment(c_ard_addr_ran...]
Compiling architecture imp of entity axi_lite_ipif_v3_1_0.axi_lite_ipif [\axi_lite_ipif(c_s_axi_addr_widt...]
Compiling module xpm.xpm_cdc_array_single(DEST_SYNC_F...
Compiling architecture imp of entity axi_gpio_v2_0_38.GPIO_Core [\GPIO_Core(c_aw=9,c_gpio_width=1...]
Compiling architecture imp of entity axi_gpio_v2_0_38.axi_gpio [\axi_gpio(c_family="artix7",c_gp...]
Compiling architecture risc_v_block_axi_gpio_0_0_arch of entity xil_defaultlib.RISC_V_block_axi_gpio_0_0 [risc_v_block_axi_gpio_0_0_defaul...]
Compiling architecture imp of entity axi_gpio_v2_0_38.GPIO_Core [\GPIO_Core(c_aw=9,c_gpio_width=1...]
Compiling architecture imp of entity axi_gpio_v2_0_38.axi_gpio [\axi_gpio(c_family="artix7",c_gp...]
Compiling architecture risc_v_block_axi_gpio_1_0_arch of entity xil_defaultlib.RISC_V_block_axi_gpio_1_0 [risc_v_block_axi_gpio_1_0_defaul...]
Compiling architecture structure of entity xil_defaultlib.m00_couplers_imp_1FYWC4H [m00_couplers_imp_1fywc4h_default]
Compiling architecture structure of entity xil_defaultlib.m01_couplers_imp_1BU0OTD [m01_couplers_imp_1bu0otd_default]
Compiling module axi_infrastructure_v1_1_0.axi_infrastructure_v1_1_0_axi2ve...
Compiling module axi_infrastructure_v1_1_0.axi_infrastructure_v1_1_0_vector...
Compiling module axi_register_slice_v2_1_37.axi_register_slice_v2_1_37_axic_...
Compiling module axi_register_slice_v2_1_37.axi_register_slice_v2_1_37_axic_...
Compiling module axi_register_slice_v2_1_37.axi_register_slice_v2_1_37_axic_...
Compiling module axi_register_slice_v2_1_37.axi_register_slice_v2_1_37_axic_...
Compiling module axi_register_slice_v2_1_37.axi_register_slice_v2_1_37_axi_r...
Compiling module axi_protocol_converter_v2_1_38.axi_protocol_converter_v2_1_38_b...
Compiling module axi_protocol_converter_v2_1_38.axi_protocol_converter_v2_1_38_b...
Compiling module axi_protocol_converter_v2_1_38.axi_protocol_converter_v2_1_38_b...
Compiling module axi_protocol_converter_v2_1_38.axi_protocol_converter_v2_1_38_b...
Compiling module axi_protocol_converter_v2_1_38.axi_protocol_converter_v2_1_38_b...
Compiling module axi_protocol_converter_v2_1_38.axi_protocol_converter_v2_1_38_b...
Compiling module axi_protocol_converter_v2_1_38.axi_protocol_converter_v2_1_38_b...
Compiling module axi_protocol_converter_v2_1_38.axi_protocol_converter_v2_1_38_b...
Compiling module axi_protocol_converter_v2_1_38.axi_protocol_converter_v2_1_38_b...
Compiling module axi_protocol_converter_v2_1_38.axi_protocol_converter_v2_1_38_b...
Compiling module axi_protocol_converter_v2_1_38.axi_protocol_converter_v2_1_38_b...
Compiling module axi_protocol_converter_v2_1_38.axi_protocol_converter_v2_1_38_b...
Compiling module axi_protocol_converter_v2_1_38.axi_protocol_converter_v2_1_38_b...
Compiling module axi_infrastructure_v1_1_0.axi_infrastructure_v1_1_0_axi2ve...
Compiling module axi_infrastructure_v1_1_0.axi_infrastructure_v1_1_0_vector...
Compiling module axi_register_slice_v2_1_37.axi_register_slice_v2_1_37_axic_...
Compiling module axi_register_slice_v2_1_37.axi_register_slice_v2_1_37_axic_...
Compiling module axi_register_slice_v2_1_37.axi_register_slice_v2_1_37_axic_...
Compiling module axi_register_slice_v2_1_37.axi_register_slice_v2_1_37_axic_...
Compiling module axi_register_slice_v2_1_37.axi_register_slice_v2_1_37_axi_r...
Compiling module axi_protocol_converter_v2_1_38.axi_protocol_converter_v2_1_38_b...
Compiling module axi_protocol_converter_v2_1_38.axi_protocol_converter_v2_1_38_a...
Compiling module xil_defaultlib.RISC_V_block_axi_interconnect_0_...
Compiling architecture structure of entity xil_defaultlib.m02_couplers_imp_15DHFQ9 [m02_couplers_imp_15dhfq9_default]
Compiling module xil_defaultlib.RISC_V_block_axi_interconnect_0_...
Compiling architecture structure of entity xil_defaultlib.m03_couplers_imp_104MPEP [m03_couplers_imp_104mpep_default]
Compiling architecture structure of entity xil_defaultlib.s00_couplers_imp_1A2ZIK2 [s00_couplers_imp_1a2zik2_default]
Compiling architecture structure of entity xil_defaultlib.s01_couplers_imp_1D6FS6Q [s01_couplers_imp_1d6fs6q_default]
Compiling module generic_baseblocks_v2_1_2.generic_baseblocks_v2_1_2_carry_...
Compiling module generic_baseblocks_v2_1_2.generic_baseblocks_v2_1_2_compar...
Compiling module generic_baseblocks_v2_1_2.generic_baseblocks_v2_1_2_compar...
Compiling module generic_baseblocks_v2_1_2.generic_baseblocks_v2_1_2_compar...
Compiling module generic_baseblocks_v2_1_2.generic_baseblocks_v2_1_2_compar...
Compiling module axi_crossbar_v2_1_39.axi_crossbar_v2_1_39_addr_decode...
Compiling module axi_crossbar_v2_1_39.axi_crossbar_v2_1_39_arbiter_res...
Compiling module unisims_ver.MUXF7
Compiling module generic_baseblocks_v2_1_2.generic_baseblocks_v2_1_2_mux_en...
Compiling module unisims_ver.SRLC32E_default
Compiling module axi_data_fifo_v2_1_37.axi_data_fifo_v2_1_37_ndeep_srl(...
Compiling module axi_data_fifo_v2_1_37.axi_data_fifo_v2_1_37_axic_srl_f...
Compiling module axi_crossbar_v2_1_39.axi_crossbar_v2_1_39_si_transact...
Compiling module axi_crossbar_v2_1_39.axi_crossbar_v2_1_39_si_transact...
Compiling module generic_baseblocks_v2_1_2.generic_baseblocks_v2_1_2_mux_en...
Compiling module axi_crossbar_v2_1_39.axi_crossbar_v2_1_39_si_transact...
Compiling module axi_crossbar_v2_1_39.axi_crossbar_v2_1_39_splitter
Compiling module axi_data_fifo_v2_1_37.axi_data_fifo_v2_1_37_axic_reg_s...
Compiling module axi_crossbar_v2_1_39.axi_crossbar_v2_1_39_wdata_route...
Compiling module axi_crossbar_v2_1_39.axi_crossbar_v2_1_39_addr_decode...
Compiling module axi_crossbar_v2_1_39.axi_crossbar_v2_1_39_addr_decode...
Compiling module axi_data_fifo_v2_1_37.axi_data_fifo_v2_1_37_axic_reg_s...
Compiling module generic_baseblocks_v2_1_2.generic_baseblocks_v2_1_2_mux_en...
Compiling module axi_crossbar_v2_1_39.axi_crossbar_v2_1_39_wdata_mux(C...
Compiling module axi_data_fifo_v2_1_37.axi_data_fifo_v2_1_37_axic_srl_f...
Compiling module axi_infrastructure_v1_1_0.axi_infrastructure_v1_1_0_axi2ve...
Compiling module axi_infrastructure_v1_1_0.axi_infrastructure_v1_1_0_vector...
Compiling module axi_register_slice_v2_1_37.axi_register_slice_v2_1_37_axic_...
Compiling module axi_register_slice_v2_1_37.axi_register_slice_v2_1_37_axic_...
Compiling module axi_register_slice_v2_1_37.axi_register_slice_v2_1_37_axic_...
Compiling module axi_register_slice_v2_1_37.axi_register_slice_v2_1_37_axic_...
Compiling module axi_register_slice_v2_1_37.axi_register_slice_v2_1_37_axi_r...
Compiling module axi_data_fifo_v2_1_37.axi_data_fifo_v2_1_37_axic_reg_s...
Compiling module axi_crossbar_v2_1_39.axi_crossbar_v2_1_39_wdata_mux(C...
Compiling module axi_data_fifo_v2_1_37.axi_data_fifo_v2_1_37_axic_srl_f...
Compiling module generic_baseblocks_v2_1_2.generic_baseblocks_v2_1_2_mux_en...
Compiling module generic_baseblocks_v2_1_2.generic_baseblocks_v2_1_2_mux_en...
Compiling module axi_crossbar_v2_1_39.axi_crossbar_v2_1_39_addr_arbite...
Compiling module axi_crossbar_v2_1_39.axi_crossbar_v2_1_39_decerr_slav...
Compiling module axi_crossbar_v2_1_39.axi_crossbar_v2_1_39_crossbar(C_...
Compiling module axi_crossbar_v2_1_39.axi_crossbar_v2_1_39_axi_crossba...
Compiling module xil_defaultlib.RISC_V_block_axi_interconnect_0_...
Compiling architecture structure of entity xil_defaultlib.RISC_V_block_axi_interconnect_0_0 [risc_v_block_axi_interconnect_0_...]
Compiling module unisims_ver.IBUF
Compiling module unisims_ver.MMCME2_ADV(CLKFBOUT_MULT_F=49.87...
Compiling module unisims_ver.BUFG
Compiling module xil_defaultlib.RISC_V_block_clk_wiz_0_0_clk_wiz
Compiling module xil_defaultlib.RISC_V_block_clk_wiz_0_0
Compiling architecture fdre_v of entity unisim.FDRE [\FDRE(init='1')\]
Compiling module xpm.xpm_cdc_single(DEST_SYNC_FF=4,IN...
Compiling architecture srl16e_v of entity unisim.SRL16E [\SRL16E(init="1111111111111111")...]
Compiling architecture srl16_v of entity unisim.SRL16 [\SRL16(init="1111111111111111")(...]
Compiling architecture imp of entity proc_sys_reset_v5_0_17.lpf [\lpf(c_ext_rst_width=4,c_aux_rst...]
Compiling architecture imp of entity proc_sys_reset_v5_0_17.upcnt_n [\upcnt_n(c_size=6)\]
Compiling architecture imp of entity proc_sys_reset_v5_0_17.sequence_psr [sequence_psr_default]
Compiling architecture imp of entity proc_sys_reset_v5_0_17.proc_sys_reset [\proc_sys_reset(c_family="artix7...]
Compiling architecture risc_v_block_proc_sys_reset_0_0_arch of entity xil_defaultlib.RISC_V_block_proc_sys_reset_0_0 [risc_v_block_proc_sys_reset_0_0_...]
Compiling architecture structure of entity xil_defaultlib.RISC_V_block [risc_v_block_default]
Compiling architecture structure of entity xil_defaultlib.RISC_V_block_wrapper [risc_v_block_wrapper_default]
Compiling architecture behavioral of entity xil_defaultlib.risc_v_tb
Built simulation snapshot RISC_V_tb_behav
run_program: Time (s): cpu = 00:00:01 ; elapsed = 00:00:21 . Memory (MB): peak = 2302.816 ; gain = 0.000
INFO: [USF-XSim-69] 'elaborate' step finished in '21' seconds
INFO: [USF-XSim-4] XSim::Simulate design
INFO: [USF-XSim-61] Executing 'SIMULATE' step in 'C:/RISC_V_research/RISC_V/RISC_V.sim/sim_1/behav/xsim'
INFO: [USF-XSim-98] *** Running xsim
   with args "RISC_V_tb_behav -key {Behavioral:sim_1:Functional:RISC_V_tb} -tclbatch {RISC_V_tb.tcl} -protoinst "protoinst_files/RISC_V_block.protoinst" -log {simulate.log}"
INFO: [USF-XSim-8] Loading simulator feature
INFO: [Wavedata 42-565] Reading protoinst file protoinst_files/RISC_V_block.protoinst
INFO: [Wavedata 42-564]   Found protocol instance at /RISC_V_tb/uut/RISC_V_block_i//RISC_V_0/f_M_AXI
INFO: [Wavedata 42-564]   Found protocol instance at /RISC_V_tb/uut/RISC_V_block_i//RISC_V_0/ls_M_AXI
INFO: [Wavedata 42-564]   Found protocol instance at /RISC_V_tb/uut/RISC_V_block_i//axi_bram_ctrl_0/S_AXI
INFO: [Wavedata 42-564]   Found protocol instance at /RISC_V_tb/uut/RISC_V_block_i//axi_bram_ctrl_1/S_AXI
INFO: [Wavedata 42-564]   Found protocol instance at /RISC_V_tb/uut/RISC_V_block_i//axi_gpio_0/S_AXI
INFO: [Wavedata 42-564]   Found protocol instance at /RISC_V_tb/uut/RISC_V_block_i//axi_gpio_1/S_AXI
INFO: [Wavedata 42-564]   Found protocol instance at /RISC_V_tb/uut/RISC_V_block_i//axi_interconnect_0/M00_AXI
INFO: [Wavedata 42-564]   Found protocol instance at /RISC_V_tb/uut/RISC_V_block_i//axi_interconnect_0/M01_AXI
INFO: [Wavedata 42-564]   Found protocol instance at /RISC_V_tb/uut/RISC_V_block_i//axi_interconnect_0/M02_AXI
INFO: [Wavedata 42-564]   Found protocol instance at /RISC_V_tb/uut/RISC_V_block_i//axi_interconnect_0/M03_AXI
INFO: [Wavedata 42-564]   Found protocol instance at /RISC_V_tb/uut/RISC_V_block_i//axi_interconnect_0/S00_AXI
INFO: [Wavedata 42-564]   Found protocol instance at /RISC_V_tb/uut/RISC_V_block_i//axi_interconnect_0/S01_AXI
INFO: [Wavedata 42-564]   Found protocol instance at /RISC_V_tb/uut/RISC_V_block_i//axi_interconnect_0/m00_couplers/M_AXI
INFO: [Wavedata 42-564]   Found protocol instance at /RISC_V_tb/uut/RISC_V_block_i//axi_interconnect_0/m00_couplers/S_AXI
INFO: [Wavedata 42-564]   Found protocol instance at /RISC_V_tb/uut/RISC_V_block_i//axi_interconnect_0/m01_couplers/M_AXI
INFO: [Wavedata 42-564]   Found protocol instance at /RISC_V_tb/uut/RISC_V_block_i//axi_interconnect_0/m01_couplers/S_AXI
INFO: [Wavedata 42-564]   Found protocol instance at /RISC_V_tb/uut/RISC_V_block_i//axi_interconnect_0/m02_couplers/M_AXI
INFO: [Wavedata 42-564]   Found protocol instance at /RISC_V_tb/uut/RISC_V_block_i//axi_interconnect_0/m02_couplers/S_AXI
INFO: [Wavedata 42-564]   Found protocol instance at /RISC_V_tb/uut/RISC_V_block_i//axi_interconnect_0/m02_couplers/auto_pc/M_AXI
INFO: [Wavedata 42-564]   Found protocol instance at /RISC_V_tb/uut/RISC_V_block_i//axi_interconnect_0/m02_couplers/auto_pc/S_AXI
INFO: [Wavedata 42-564]   Found protocol instance at /RISC_V_tb/uut/RISC_V_block_i//axi_interconnect_0/m03_couplers/M_AXI
INFO: [Wavedata 42-564]   Found protocol instance at /RISC_V_tb/uut/RISC_V_block_i//axi_interconnect_0/m03_couplers/S_AXI
INFO: [Wavedata 42-564]   Found protocol instance at /RISC_V_tb/uut/RISC_V_block_i//axi_interconnect_0/m03_couplers/auto_pc/M_AXI
INFO: [Wavedata 42-564]   Found protocol instance at /RISC_V_tb/uut/RISC_V_block_i//axi_interconnect_0/m03_couplers/auto_pc/S_AXI
INFO: [Wavedata 42-564]   Found protocol instance at /RISC_V_tb/uut/RISC_V_block_i//axi_interconnect_0/s00_couplers/M_AXI
INFO: [Wavedata 42-564]   Found protocol instance at /RISC_V_tb/uut/RISC_V_block_i//axi_interconnect_0/s00_couplers/S_AXI
INFO: [Wavedata 42-564]   Found protocol instance at /RISC_V_tb/uut/RISC_V_block_i//axi_interconnect_0/s01_couplers/M_AXI
INFO: [Wavedata 42-564]   Found protocol instance at /RISC_V_tb/uut/RISC_V_block_i//axi_interconnect_0/s01_couplers/S_AXI
INFO: [Wavedata 42-564]   Found protocol instance at /RISC_V_tb/uut/RISC_V_block_i//axi_interconnect_0/xbar/M00_AXI
INFO: [Wavedata 42-564]   Found protocol instance at /RISC_V_tb/uut/RISC_V_block_i//axi_interconnect_0/xbar/M01_AXI
INFO: [Wavedata 42-564]   Found protocol instance at /RISC_V_tb/uut/RISC_V_block_i//axi_interconnect_0/xbar/M02_AXI
INFO: [Wavedata 42-564]   Found protocol instance at /RISC_V_tb/uut/RISC_V_block_i//axi_interconnect_0/xbar/M03_AXI
INFO: [Wavedata 42-564]   Found protocol instance at /RISC_V_tb/uut/RISC_V_block_i//axi_interconnect_0/xbar/S00_AXI
INFO: [Wavedata 42-564]   Found protocol instance at /RISC_V_tb/uut/RISC_V_block_i//axi_interconnect_0/xbar/S01_AXI
Time resolution is 1 ps
source RISC_V_tb.tcl
# set curr_wave [current_wave_config]
# if { [string length $curr_wave] == 0 } {
#   if { [llength [get_objects]] > 0} {
#     add_wave /
#     set_property needs_save false [current_wave_config]
#   } else {
#      send_msg_id Add_Wave-1 WARNING "No top level signals found. Simulator will start without a wave window. If you want to open a wave window go to 'File->New Waveform Configuration' or type 'create_wave_config' in the TCL console."
#   }
# }
# run 1000ns
 Block Memory Generator module loading initial data...
 Block Memory Generator data initialization complete.
Block Memory Generator module RISC_V_tb.uut.RISC_V_block_i.axi_bram_ctrl_0_bram.inst.native_mem_mapped_module.blk_mem_gen_v8_4_13_inst is using a behavioral model for simulation which will not precisely model memory collision behavior.
Block Memory Generator module RISC_V_tb.uut.RISC_V_block_i.axi_bram_ctrl_1_bram.inst.native_mem_mapped_module.blk_mem_gen_v8_4_13_inst is using a behavioral model for simulation which will not precisely model memory collision behavior.
INFO: [USF-XSim-96] XSim completed. Design snapshot 'RISC_V_tb_behav' loaded.
INFO: [USF-XSim-97] XSim simulation ran for 1000ns
launch_simulation: Time (s): cpu = 00:00:05 ; elapsed = 00:00:30 . Memory (MB): peak = 2302.816 ; gain = 0.000
run 10 ns
run 10 ms
run: Time (s): cpu = 00:00:20 ; elapsed = 00:00:56 . Memory (MB): peak = 2739.285 ; gain = 0.000
current_wave_config {Untitled 1}
Untitled 1
add_wave {{/RISC_V_tb/uut/RISC_V_block_i/RISC_V_0/U0}} 
run 10 ms
run: Time (s): cpu = 00:00:19 ; elapsed = 00:00:57 . Memory (MB): peak = 2739.285 ; gain = 0.000
save_wave_config {C:/RISC_V_research/RISC_V/RISC_V_tb_behav.wcfg}
add_files -fileset sim_1 -norecurse C:/RISC_V_research/RISC_V/RISC_V_tb_behav.wcfg
set_property xsim.view C:/RISC_V_research/RISC_V/RISC_V_tb_behav.wcfg [get_filesets sim_1]
relaunch_sim
INFO: xsimkernel Simulation Memory Usage: 37664 KB (Peak: 37664 KB), Simulation CPU Usage: 112952 ms
Command: launch_simulation -step compile -simset sim_1 -mode behavioral
INFO: [Vivado 12-25911] Executing simulation for 'XSim' simulator
INFO: [Vivado 12-28535] Process started - Wed Aug 26 21:17:13 2026

INFO: [Vivado 12-12493] Simulation top is 'RISC_V_tb'
INFO: [Vivado 12-5682] Launching behavioral simulation in 'C:/RISC_V_research/RISC_V/RISC_V.sim/sim_1/behav/xsim'
INFO: [SIM-utils-51] Simulation object is 'sim_1'
INFO: [SIM-utils-72] Using boost library from 'C:/AMDDesignTools/2026.1/Vivado/tps/boost_1_72_0'
INFO: [USF-XSim-7] Finding pre-compiled libraries...
INFO: [USF-XSim-11] File 'C:/AMDDesignTools/2026.1/Vivado/data/xsim/xsim.ini' copied to run dir:'C:/RISC_V_research/RISC_V/RISC_V.sim/sim_1/behav/xsim'
INFO: [SIM-utils-54] Inspecting design source files for 'RISC_V_tb' in fileset 'sim_1'...
INFO: [SIM-utils-43] Exported 'C:/RISC_V_research/RISC_V/RISC_V.sim/sim_1/behav/xsim/cylon_test.coe'
INFO: [SIM-utils-43] Exported 'C:/RISC_V_research/RISC_V/RISC_V.sim/sim_1/behav/xsim/RISC_V_block_axi_bram_ctrl_0_bram_0.mif'
INFO: [USF-XSim-97] Finding global include files...
INFO: [USF-XSim-98] Fetching design files from 'sim_1'...
INFO: [USF-XSim-2] XSim::Compile design
INFO: [USF-XSim-61] Executing 'COMPILE and ANALYZE' step in 'C:/RISC_V_research/RISC_V/RISC_V.sim/sim_1/behav/xsim'
"xvlog --incr --relax -prj RISC_V_tb_vlog.prj"
"xvhdl --incr --relax -prj RISC_V_tb_vhdl.prj"
INFO: [USF-XSim-69] 'compile' step finished in '2' seconds
Command: launch_simulation -step elaborate -simset sim_1 -mode behavioral
INFO: [Vivado 12-25911] Executing simulation for 'XSim' simulator
INFO: [Vivado 12-28535] Process started - Wed Aug 26 21:17:16 2026

INFO: [Vivado 12-12493] Simulation top is 'RISC_V_tb'
INFO: [Vivado 12-5682] Launching behavioral simulation in 'C:/RISC_V_research/RISC_V/RISC_V.sim/sim_1/behav/xsim'
INFO: [SIM-utils-51] Simulation object is 'sim_1'
INFO: [USF-XSim-3] XSim::Elaborate design
INFO: [USF-XSim-61] Executing 'ELABORATE' step in 'C:/RISC_V_research/RISC_V/RISC_V.sim/sim_1/behav/xsim'
"xelab --incr --debug typical --relax --mt 2 -L xil_defaultlib -L axi_bram_ctrl_v4_1_14 -L blk_mem_gen_v8_4_13 -L axi_lite_ipif_v3_1_0 -L interrupt_control_v3_2_0 -L axi_gpio_v2_0_38 -L generic_baseblocks_v2_1_2 -L axi_infrastructure_v1_1_0 -L axi_register_slice_v2_1_37 -L fifo_generator_v13_2_15 -L axi_data_fifo_v2_1_37 -L axi_crossbar_v2_1_39 -L proc_sys_reset_v5_0_17 -L axi_protocol_converter_v2_1_38 -L unisims_ver -L unimacro_ver -L secureip -L xpm --snapshot RISC_V_tb_behav xil_defaultlib.RISC_V_tb xil_defaultlib.glbl -log elaborate.log"
Vivado Simulator v2026.1
Copyright 1986-2022 Xilinx, Inc. All Rights Reserved.
Copyright 2022-2026 Advanced Micro Devices, Inc. All Rights Reserved.
Running: C:/AMDDesignTools/2026.1/Vivado/bin/unwrapped/win64.o/xelab.exe --incr --debug typical --relax --mt 2 -L xil_defaultlib -L axi_bram_ctrl_v4_1_14 -L blk_mem_gen_v8_4_13 -L axi_lite_ipif_v3_1_0 -L interrupt_control_v3_2_0 -L axi_gpio_v2_0_38 -L generic_baseblocks_v2_1_2 -L axi_infrastructure_v1_1_0 -L axi_register_slice_v2_1_37 -L fifo_generator_v13_2_15 -L axi_data_fifo_v2_1_37 -L axi_crossbar_v2_1_39 -L proc_sys_reset_v5_0_17 -L axi_protocol_converter_v2_1_38 -L unisims_ver -L unimacro_ver -L secureip -L xpm --snapshot RISC_V_tb_behav xil_defaultlib.RISC_V_tb xil_defaultlib.glbl -log elaborate.log 
INFO: [XSIM 43-3493] Using 2 slave threads.
Starting static elaboration
Pass Through NonSizing Optimizer
WARNING: [VRFC 10-1409] subtype of case expression is not locally static [C:/RISC_V_research/RISC_V/RISC_V.srcs/sources_1/imports/new/Instruction_Decoder.vhdl:54]
WARNING: [VRFC 10-5021] port 'aclk2x' is not connected on this instance [/wrk/ci/prod/2026.1/sw/continuous/3336/output/customer/vivado/data/ip/xilinx/axi_protocol_converter_v2_1/hdl/axi_protocol_converter_v2_1_vl_rfs.v:4855]
WARNING: [VRFC 10-5021] port 'aclk2x' is not connected on this instance [/wrk/ci/prod/2026.1/sw/continuous/3336/output/customer/vivado/data/ip/xilinx/axi_protocol_converter_v2_1/hdl/axi_protocol_converter_v2_1_vl_rfs.v:5110]
WARNING: [VRFC 10-5021] port 'aclk2x' is not connected on this instance [/wrk/ci/prod/2026.1/sw/continuous/3336/output/customer/vivado/data/ip/xilinx/axi_crossbar_v2_1/hdl/axi_crossbar_v2_1_vl_rfs.v:3097]
Completed static elaboration
INFO: [XSIM 43-4323] No Change in HDL. Linking previously generated obj files to create kernel
INFO: [USF-XSim-69] 'elaborate' step finished in '4' seconds
INFO: [Wavedata 42-565] Reading protoinst file protoinst_files/RISC_V_block.protoinst
INFO: [Wavedata 42-564]   Found protocol instance at /RISC_V_tb/uut/RISC_V_block_i//RISC_V_0/f_M_AXI
INFO: [Wavedata 42-564]   Found protocol instance at /RISC_V_tb/uut/RISC_V_block_i//RISC_V_0/ls_M_AXI
INFO: [Wavedata 42-564]   Found protocol instance at /RISC_V_tb/uut/RISC_V_block_i//axi_bram_ctrl_0/S_AXI
INFO: [Wavedata 42-564]   Found protocol instance at /RISC_V_tb/uut/RISC_V_block_i//axi_bram_ctrl_1/S_AXI
INFO: [Wavedata 42-564]   Found protocol instance at /RISC_V_tb/uut/RISC_V_block_i//axi_gpio_0/S_AXI
INFO: [Wavedata 42-564]   Found protocol instance at /RISC_V_tb/uut/RISC_V_block_i//axi_gpio_1/S_AXI
INFO: [Wavedata 42-564]   Found protocol instance at /RISC_V_tb/uut/RISC_V_block_i//axi_interconnect_0/M00_AXI
INFO: [Wavedata 42-564]   Found protocol instance at /RISC_V_tb/uut/RISC_V_block_i//axi_interconnect_0/M01_AXI
INFO: [Wavedata 42-564]   Found protocol instance at /RISC_V_tb/uut/RISC_V_block_i//axi_interconnect_0/M02_AXI
INFO: [Wavedata 42-564]   Found protocol instance at /RISC_V_tb/uut/RISC_V_block_i//axi_interconnect_0/M03_AXI
INFO: [Wavedata 42-564]   Found protocol instance at /RISC_V_tb/uut/RISC_V_block_i//axi_interconnect_0/S00_AXI
INFO: [Wavedata 42-564]   Found protocol instance at /RISC_V_tb/uut/RISC_V_block_i//axi_interconnect_0/S01_AXI
INFO: [Wavedata 42-564]   Found protocol instance at /RISC_V_tb/uut/RISC_V_block_i//axi_interconnect_0/m00_couplers/M_AXI
INFO: [Wavedata 42-564]   Found protocol instance at /RISC_V_tb/uut/RISC_V_block_i//axi_interconnect_0/m00_couplers/S_AXI
INFO: [Wavedata 42-564]   Found protocol instance at /RISC_V_tb/uut/RISC_V_block_i//axi_interconnect_0/m01_couplers/M_AXI
INFO: [Wavedata 42-564]   Found protocol instance at /RISC_V_tb/uut/RISC_V_block_i//axi_interconnect_0/m01_couplers/S_AXI
INFO: [Wavedata 42-564]   Found protocol instance at /RISC_V_tb/uut/RISC_V_block_i//axi_interconnect_0/m02_couplers/M_AXI
INFO: [Wavedata 42-564]   Found protocol instance at /RISC_V_tb/uut/RISC_V_block_i//axi_interconnect_0/m02_couplers/S_AXI
INFO: [Wavedata 42-564]   Found protocol instance at /RISC_V_tb/uut/RISC_V_block_i//axi_interconnect_0/m02_couplers/auto_pc/M_AXI
INFO: [Wavedata 42-564]   Found protocol instance at /RISC_V_tb/uut/RISC_V_block_i//axi_interconnect_0/m02_couplers/auto_pc/S_AXI
INFO: [Wavedata 42-564]   Found protocol instance at /RISC_V_tb/uut/RISC_V_block_i//axi_interconnect_0/m03_couplers/M_AXI
INFO: [Wavedata 42-564]   Found protocol instance at /RISC_V_tb/uut/RISC_V_block_i//axi_interconnect_0/m03_couplers/S_AXI
INFO: [Wavedata 42-564]   Found protocol instance at /RISC_V_tb/uut/RISC_V_block_i//axi_interconnect_0/m03_couplers/auto_pc/M_AXI
INFO: [Wavedata 42-564]   Found protocol instance at /RISC_V_tb/uut/RISC_V_block_i//axi_interconnect_0/m03_couplers/auto_pc/S_AXI
INFO: [Wavedata 42-564]   Found protocol instance at /RISC_V_tb/uut/RISC_V_block_i//axi_interconnect_0/s00_couplers/M_AXI
INFO: [Wavedata 42-564]   Found protocol instance at /RISC_V_tb/uut/RISC_V_block_i//axi_interconnect_0/s00_couplers/S_AXI
INFO: [Wavedata 42-564]   Found protocol instance at /RISC_V_tb/uut/RISC_V_block_i//axi_interconnect_0/s01_couplers/M_AXI
INFO: [Wavedata 42-564]   Found protocol instance at /RISC_V_tb/uut/RISC_V_block_i//axi_interconnect_0/s01_couplers/S_AXI
INFO: [Wavedata 42-564]   Found protocol instance at /RISC_V_tb/uut/RISC_V_block_i//axi_interconnect_0/xbar/M00_AXI
INFO: [Wavedata 42-564]   Found protocol instance at /RISC_V_tb/uut/RISC_V_block_i//axi_interconnect_0/xbar/M01_AXI
INFO: [Wavedata 42-564]   Found protocol instance at /RISC_V_tb/uut/RISC_V_block_i//axi_interconnect_0/xbar/M02_AXI
INFO: [Wavedata 42-564]   Found protocol instance at /RISC_V_tb/uut/RISC_V_block_i//axi_interconnect_0/xbar/M03_AXI
INFO: [Wavedata 42-564]   Found protocol instance at /RISC_V_tb/uut/RISC_V_block_i//axi_interconnect_0/xbar/S00_AXI
INFO: [Wavedata 42-564]   Found protocol instance at /RISC_V_tb/uut/RISC_V_block_i//axi_interconnect_0/xbar/S01_AXI
Time resolution is 1 ps
 Block Memory Generator module loading initial data...
 Block Memory Generator data initialization complete.
Block Memory Generator module RISC_V_tb.uut.RISC_V_block_i.axi_bram_ctrl_0_bram.inst.native_mem_mapped_module.blk_mem_gen_v8_4_13_inst is using a behavioral model for simulation which will not precisely model memory collision behavior.
Block Memory Generator module RISC_V_tb.uut.RISC_V_block_i.axi_bram_ctrl_1_bram.inst.native_mem_mapped_module.blk_mem_gen_v8_4_13_inst is using a behavioral model for simulation which will not precisely model memory collision behavior.
relaunch_sim: Time (s): cpu = 00:00:02 ; elapsed = 00:00:09 . Memory (MB): peak = 2739.285 ; gain = 0.000
run 10 ms
WARNING: [Simulator 45-29] Cannot open source file /wrk/ci/prod/2026.1/sw/continuous/3336/output/customer/vivado/data/ip/xilinx/axi_bram_ctrl_v4_1/hdl/axi_bram_ctrl_v4_1_rfs.vhd: file does not exist.
open_bd_design {C:/RISC_V_research/RISC_V/RISC_V.srcs/sources_1/bd/RISC_V_block/RISC_V_block.bd}
open_project C:/Users/trist/OneDrive/Desktop/git/Da_Big_One_with_prefetch/Da_Big_One_with_prefetch.xpr
CRITICAL WARNING: [Project 1-19] Could not find the file 'C:/Users/trist/OneDrive/Desktop/git/Downloads/op_branch_test/op_branch_test.coe'.
CRITICAL WARNING: [Project 1-19] Could not find the file 'C:/Users/trist/OneDrive/Desktop/git/Da_Big_One/Da_Big_One.sim/sim_1/behav/xsim/test.coe'.
CRITICAL WARNING: [Project 1-19] Could not find the file 'C:/Users/trist/OneDrive/Desktop/git/Desktop/ls.coe'.
CRITICAL WARNING: [Project 1-19] Could not find the file 'C:/Users/trist/opt/packages/cylon_test.coe'.
CRITICAL WARNING: [Project 1-19] Could not find the file 'C:/Users/trist/OneDrive/Desktop/git/Da_Big_One/Da_Big_One.srcs/sources_1/bd/Whole_system/ip/Whole_system_axi_bram_ctrl_0_bram_1/test.coe'.
CRITICAL WARNING: [Project 1-19] Could not find the file 'C:/opt/packages/cylon_test.coe'.
CRITICAL WARNING: [Project 1-19] Could not find the file 'C:/Users/trist/OneDrive/Desktop/git/Da_Big_One/datapath_tb_behav.wcfg'.
Scanning sources...
Finished scanning sources
INFO: [IP_Flow 19-234] Refreshing IP repositories
INFO: [IP_Flow 19-1704] No user IP repositories specified
INFO: [IP_Flow 19-2313] Loaded Vivado IP repository 'C:/AMDDesignTools/2026.1/Vivado/data/ip'.
WARNING: [BD 41-1661] One or more IPs have been locked in the design 'RISC_CPU_V0_block.bd'. Please run report_ip_status for more details and recommendations on how to fix this issue.
List of locked IPs:
RISC_CPU_V0_block_axi_bram_ctrl_0_0
RISC_CPU_V0_block_axi_interconnect_0_imp_xbar_0
RISC_CPU_V0_block_axi_bram_ctrl_0_bram_0
RISC_CPU_V0_block_axi_interconnect_0_imp_auto_pc_0
RISC_CPU_V0_block_axi_interconnect_0_imp_auto_pc_1
RISC_CPU_V0_block_axi_interconnect_0_0
RISC_CPU_V0_block_axi_bram_ctrl_0_1
RISC_CPU_V0_block_clk_wiz_0
RISC_CPU_V0_block_axi_bram_ctrl_0_bram_1
RISC_CPU_V0_block_axi_gpio_0_0
RISC_CPU_V0_block_axi_gpio_0_1

WARNING: [BD 41-1661] One or more IPs have been locked in the design 'Fetch_sequncer.bd'. Please run report_ip_status for more details and recommendations on how to fix this issue.
List of locked IPs:
Fetch_sequncer_axi_bram_ctrl_0_0
Fetch_sequncer_axi_bram_ctrl_0_bram_0
Fetch_sequncer_axi_interconnect_0_0
Fetch_sequncer_clk_wiz_0

WARNING: [BD 41-1661] One or more IPs have been locked in the design 'Whole_system.bd'. Please run report_ip_status for more details and recommendations on how to fix this issue.
List of locked IPs:
Whole_system_axi_interconnect_0_0
Whole_system_axi_bram_ctrl_0_1
Whole_system_clk_wiz_0
Whole_system_axi_bram_ctrl_0_bram_1

CRITICAL WARNING: [Project 96-12] Your current selected license is "BASIC". This license doesn't cover the feature Incremental Compile. See the Vivado Licensing page for what features are supported in each tier and how to get the right license based on your requirements.
open_project: Time (s): cpu = 00:00:07 ; elapsed = 00:00:08 . Memory (MB): peak = 2739.285 ; gain = 0.000
update_compile_order -fileset sources_1
open_bd_design {C:/Users/trist/OneDrive/Desktop/git/Da_Big_One_with_prefetch/Da_Big_One_with_prefetch.srcs/sources_1/bd/RISC_CPU_V0_block/RISC_CPU_V0_block.bd}
Reading block design file <C:/Users/trist/OneDrive/Desktop/git/Da_Big_One_with_prefetch/Da_Big_One_with_prefetch.srcs/sources_1/bd/RISC_CPU_V0_block/RISC_CPU_V0_block.bd>...
Adding component instance block -- xilinx.com:ip:axi_bram_ctrl:4.1 - axi_bram_ctrl_0
Adding component instance block -- xilinx.com:ip:blk_mem_gen:8.4 - axi_bram_ctrl_0_bram
Adding component instance block -- xilinx.com:ip:axi_interconnect:2.1 - axi_interconnect_0
Adding component instance block -- xilinx.com:ip:axi_crossbar:2.1 - xbar
Adding component instance block -- xilinx.com:ip:axi_protocol_converter:2.1 - auto_pc
Adding component instance block -- xilinx.com:ip:axi_protocol_converter:2.1 - auto_pc
Adding component instance block -- xilinx.com:ip:clk_wiz:6.0 - clk_wiz
Adding component instance block -- xilinx.com:inline_hdl:ilconstant:1.0 - ilconstant_0
Adding component instance block -- xilinx.com:inline_hdl:ilconstant:1.0 - ilconstant_1
Adding component instance block -- xilinx.com:ip:proc_sys_reset:5.0 - rst_clk_wiz_100M
Adding component instance block -- xilinx.com:module_ref:RISCV_CPU_v0:1.0 - RISCV_CPU_v0_0
Adding component instance block -- xilinx.com:ip:axi_bram_ctrl:4.1 - axi_bram_ctrl_1
Adding component instance block -- xilinx.com:ip:blk_mem_gen:8.4 - axi_bram_ctrl_0_bram1
Adding component instance block -- xilinx.com:ip:axi_gpio:2.0 - axi_gpio_0
Adding component instance block -- xilinx.com:ip:axi_gpio:2.0 - axi_gpio_1
Successfully read diagram <RISC_CPU_V0_block> from block design file <C:/Users/trist/OneDrive/Desktop/git/Da_Big_One_with_prefetch/Da_Big_One_with_prefetch.srcs/sources_1/bd/RISC_CPU_V0_block/RISC_CPU_V0_block.bd>
open_bd_design: Time (s): cpu = 00:00:06 ; elapsed = 00:00:05 . Memory (MB): peak = 2739.285 ; gain = 0.000
current_project RISC_V
set_property -dict [list CONFIG.POLARITY ACTIVE_HIGH] [get_bd_pins RISC_V_0/reset]
disconnect_bd_net /proc_sys_reset_0_peripheral_aresetn [get_bd_pins RISC_V_0/reset]
connect_bd_net [get_bd_pins proc_sys_reset_0/mb_reset] [get_bd_pins RISC_V_0/reset]
save_bd_design
Wrote  : <C:\RISC_V_research\RISC_V\RISC_V.srcs\sources_1\bd\RISC_V_block\RISC_V_block.bd> 
Wrote  : <C:/RISC_V_research/RISC_V/RISC_V.srcs/sources_1/bd/RISC_V_block/ui/bd_54da91ac.ui> 
relaunch_sim
Command: launch_simulation -step compile -simset sim_1 -mode behavioral
INFO: [Vivado 12-25911] Executing simulation for 'XSim' simulator
INFO: [Vivado 12-28535] Process started - Wed Aug 26 21:20:57 2026

INFO: [Vivado 12-12493] Simulation top is 'RISC_V_tb'
INFO: [Vivado 12-5682] Launching behavioral simulation in 'C:/RISC_V_research/RISC_V/RISC_V.sim/sim_1/behav/xsim'
INFO: [SIM-utils-51] Simulation object is 'sim_1'
INFO: [USF-XSim-2] XSim::Compile design
INFO: [USF-XSim-61] Executing 'COMPILE and ANALYZE' step in 'C:/RISC_V_research/RISC_V/RISC_V.sim/sim_1/behav/xsim'
"xvlog --incr --relax -prj RISC_V_tb_vlog.prj"
"xvhdl --incr --relax -prj RISC_V_tb_vhdl.prj"
INFO: [USF-XSim-69] 'compile' step finished in '2' seconds
Command: launch_simulation -step elaborate -simset sim_1 -mode behavioral
INFO: [Vivado 12-25911] Executing simulation for 'XSim' simulator
INFO: [Vivado 12-28535] Process started - Wed Aug 26 21:20:59 2026

INFO: [Vivado 12-12493] Simulation top is 'RISC_V_tb'
INFO: [Vivado 12-5682] Launching behavioral simulation in 'C:/RISC_V_research/RISC_V/RISC_V.sim/sim_1/behav/xsim'
INFO: [SIM-utils-51] Simulation object is 'sim_1'
INFO: [USF-XSim-3] XSim::Elaborate design
INFO: [USF-XSim-61] Executing 'ELABORATE' step in 'C:/RISC_V_research/RISC_V/RISC_V.sim/sim_1/behav/xsim'
"xelab --incr --debug typical --relax --mt 2 -L xil_defaultlib -L axi_bram_ctrl_v4_1_14 -L blk_mem_gen_v8_4_13 -L axi_lite_ipif_v3_1_0 -L interrupt_control_v3_2_0 -L axi_gpio_v2_0_38 -L generic_baseblocks_v2_1_2 -L axi_infrastructure_v1_1_0 -L axi_register_slice_v2_1_37 -L fifo_generator_v13_2_15 -L axi_data_fifo_v2_1_37 -L axi_crossbar_v2_1_39 -L proc_sys_reset_v5_0_17 -L axi_protocol_converter_v2_1_38 -L unisims_ver -L unimacro_ver -L secureip -L xpm --snapshot RISC_V_tb_behav xil_defaultlib.RISC_V_tb xil_defaultlib.glbl -log elaborate.log"
Vivado Simulator v2026.1
Copyright 1986-2022 Xilinx, Inc. All Rights Reserved.
Copyright 2022-2026 Advanced Micro Devices, Inc. All Rights Reserved.
Running: C:/AMDDesignTools/2026.1/Vivado/bin/unwrapped/win64.o/xelab.exe --incr --debug typical --relax --mt 2 -L xil_defaultlib -L axi_bram_ctrl_v4_1_14 -L blk_mem_gen_v8_4_13 -L axi_lite_ipif_v3_1_0 -L interrupt_control_v3_2_0 -L axi_gpio_v2_0_38 -L generic_baseblocks_v2_1_2 -L axi_infrastructure_v1_1_0 -L axi_register_slice_v2_1_37 -L fifo_generator_v13_2_15 -L axi_data_fifo_v2_1_37 -L axi_crossbar_v2_1_39 -L proc_sys_reset_v5_0_17 -L axi_protocol_converter_v2_1_38 -L unisims_ver -L unimacro_ver -L secureip -L xpm --snapshot RISC_V_tb_behav xil_defaultlib.RISC_V_tb xil_defaultlib.glbl -log elaborate.log 
INFO: [XSIM 43-3493] Using 2 slave threads.
Starting static elaboration
Pass Through NonSizing Optimizer
WARNING: [VRFC 10-1409] subtype of case expression is not locally static [C:/RISC_V_research/RISC_V/RISC_V.srcs/sources_1/imports/new/Instruction_Decoder.vhdl:54]
WARNING: [VRFC 10-5021] port 'aclk2x' is not connected on this instance [/wrk/ci/prod/2026.1/sw/continuous/3336/output/customer/vivado/data/ip/xilinx/axi_protocol_converter_v2_1/hdl/axi_protocol_converter_v2_1_vl_rfs.v:4855]
WARNING: [VRFC 10-5021] port 'aclk2x' is not connected on this instance [/wrk/ci/prod/2026.1/sw/continuous/3336/output/customer/vivado/data/ip/xilinx/axi_protocol_converter_v2_1/hdl/axi_protocol_converter_v2_1_vl_rfs.v:5110]
WARNING: [VRFC 10-5021] port 'aclk2x' is not connected on this instance [/wrk/ci/prod/2026.1/sw/continuous/3336/output/customer/vivado/data/ip/xilinx/axi_crossbar_v2_1/hdl/axi_crossbar_v2_1_vl_rfs.v:3097]
Completed static elaboration
INFO: [XSIM 43-4323] No Change in HDL. Linking previously generated obj files to create kernel
INFO: [USF-XSim-69] 'elaborate' step finished in '3' seconds
INFO: [Wavedata 42-565] Reading protoinst file protoinst_files/RISC_V_block.protoinst
INFO: [Wavedata 42-564]   Found protocol instance at /RISC_V_tb/uut/RISC_V_block_i//RISC_V_0/f_M_AXI
INFO: [Wavedata 42-564]   Found protocol instance at /RISC_V_tb/uut/RISC_V_block_i//RISC_V_0/ls_M_AXI
INFO: [Wavedata 42-564]   Found protocol instance at /RISC_V_tb/uut/RISC_V_block_i//axi_bram_ctrl_0/S_AXI
INFO: [Wavedata 42-564]   Found protocol instance at /RISC_V_tb/uut/RISC_V_block_i//axi_bram_ctrl_1/S_AXI
INFO: [Wavedata 42-564]   Found protocol instance at /RISC_V_tb/uut/RISC_V_block_i//axi_gpio_0/S_AXI
INFO: [Wavedata 42-564]   Found protocol instance at /RISC_V_tb/uut/RISC_V_block_i//axi_gpio_1/S_AXI
INFO: [Wavedata 42-564]   Found protocol instance at /RISC_V_tb/uut/RISC_V_block_i//axi_interconnect_0/M00_AXI
INFO: [Wavedata 42-564]   Found protocol instance at /RISC_V_tb/uut/RISC_V_block_i//axi_interconnect_0/M01_AXI
INFO: [Wavedata 42-564]   Found protocol instance at /RISC_V_tb/uut/RISC_V_block_i//axi_interconnect_0/M02_AXI
INFO: [Wavedata 42-564]   Found protocol instance at /RISC_V_tb/uut/RISC_V_block_i//axi_interconnect_0/M03_AXI
INFO: [Wavedata 42-564]   Found protocol instance at /RISC_V_tb/uut/RISC_V_block_i//axi_interconnect_0/S00_AXI
INFO: [Wavedata 42-564]   Found protocol instance at /RISC_V_tb/uut/RISC_V_block_i//axi_interconnect_0/S01_AXI
INFO: [Wavedata 42-564]   Found protocol instance at /RISC_V_tb/uut/RISC_V_block_i//axi_interconnect_0/m00_couplers/M_AXI
INFO: [Wavedata 42-564]   Found protocol instance at /RISC_V_tb/uut/RISC_V_block_i//axi_interconnect_0/m00_couplers/S_AXI
INFO: [Wavedata 42-564]   Found protocol instance at /RISC_V_tb/uut/RISC_V_block_i//axi_interconnect_0/m01_couplers/M_AXI
INFO: [Wavedata 42-564]   Found protocol instance at /RISC_V_tb/uut/RISC_V_block_i//axi_interconnect_0/m01_couplers/S_AXI
INFO: [Wavedata 42-564]   Found protocol instance at /RISC_V_tb/uut/RISC_V_block_i//axi_interconnect_0/m02_couplers/M_AXI
INFO: [Wavedata 42-564]   Found protocol instance at /RISC_V_tb/uut/RISC_V_block_i//axi_interconnect_0/m02_couplers/S_AXI
INFO: [Wavedata 42-564]   Found protocol instance at /RISC_V_tb/uut/RISC_V_block_i//axi_interconnect_0/m02_couplers/auto_pc/M_AXI
INFO: [Wavedata 42-564]   Found protocol instance at /RISC_V_tb/uut/RISC_V_block_i//axi_interconnect_0/m02_couplers/auto_pc/S_AXI
INFO: [Wavedata 42-564]   Found protocol instance at /RISC_V_tb/uut/RISC_V_block_i//axi_interconnect_0/m03_couplers/M_AXI
INFO: [Wavedata 42-564]   Found protocol instance at /RISC_V_tb/uut/RISC_V_block_i//axi_interconnect_0/m03_couplers/S_AXI
INFO: [Wavedata 42-564]   Found protocol instance at /RISC_V_tb/uut/RISC_V_block_i//axi_interconnect_0/m03_couplers/auto_pc/M_AXI
INFO: [Wavedata 42-564]   Found protocol instance at /RISC_V_tb/uut/RISC_V_block_i//axi_interconnect_0/m03_couplers/auto_pc/S_AXI
INFO: [Wavedata 42-564]   Found protocol instance at /RISC_V_tb/uut/RISC_V_block_i//axi_interconnect_0/s00_couplers/M_AXI
INFO: [Wavedata 42-564]   Found protocol instance at /RISC_V_tb/uut/RISC_V_block_i//axi_interconnect_0/s00_couplers/S_AXI
INFO: [Wavedata 42-564]   Found protocol instance at /RISC_V_tb/uut/RISC_V_block_i//axi_interconnect_0/s01_couplers/M_AXI
INFO: [Wavedata 42-564]   Found protocol instance at /RISC_V_tb/uut/RISC_V_block_i//axi_interconnect_0/s01_couplers/S_AXI
INFO: [Wavedata 42-564]   Found protocol instance at /RISC_V_tb/uut/RISC_V_block_i//axi_interconnect_0/xbar/M00_AXI
INFO: [Wavedata 42-564]   Found protocol instance at /RISC_V_tb/uut/RISC_V_block_i//axi_interconnect_0/xbar/M01_AXI
INFO: [Wavedata 42-564]   Found protocol instance at /RISC_V_tb/uut/RISC_V_block_i//axi_interconnect_0/xbar/M02_AXI
INFO: [Wavedata 42-564]   Found protocol instance at /RISC_V_tb/uut/RISC_V_block_i//axi_interconnect_0/xbar/M03_AXI
INFO: [Wavedata 42-564]   Found protocol instance at /RISC_V_tb/uut/RISC_V_block_i//axi_interconnect_0/xbar/S00_AXI
INFO: [Wavedata 42-564]   Found protocol instance at /RISC_V_tb/uut/RISC_V_block_i//axi_interconnect_0/xbar/S01_AXI
Time resolution is 1 ps
ERROR: [Labtools 27-1832] create_wave_config not a supported tcl command in labtools hardware mode. Default wave configurations are automatically created when triggering an ILA core.
relaunch_sim: Time (s): cpu = 00:00:01 ; elapsed = 00:00:07 . Memory (MB): peak = 2739.285 ; gain = 0.000
close_sim
INFO: [Simtcl 6-16] Simulation closed
generate_target Simulation [get_files C:/RISC_V_research/RISC_V/RISC_V.srcs/sources_1/bd/RISC_V_block/RISC_V_block.bd]
INFO: [xilinx.com:ip:clk_wiz:6.0-1] /clk_wiz_0 clk_wiz propagate
INFO: [xilinx.com:ip:clk_wiz:6.0-1] /clk_wiz_0 clk_wiz propagate
Wrote  : <C:\RISC_V_research\RISC_V\RISC_V.srcs\sources_1\bd\RISC_V_block\RISC_V_block.bd> 
WARNING: [BD 41-2384] Width mismatch when connecting pin: '/axi_interconnect_0/xbar/s_axi_arid'(2) to pin: '/axi_interconnect_0/s00_couplers/M_AXI_arid'(1) - Only lower order bits will be connected.
WARNING: [BD 41-2384] Width mismatch when connecting pin: '/axi_interconnect_0/xbar/s_axi_awid'(2) to pin: '/axi_interconnect_0/s01_couplers/M_AXI_awid'(1) - Only lower order bits will be connected.
WARNING: [BD 41-2384] Width mismatch when connecting pin: '/axi_interconnect_0/xbar/s_axi_arid'(2) to pin: '/axi_interconnect_0/s01_couplers/M_AXI_arid'(1) - Only lower order bits will be connected.
WARNING: [BD 41-2384] Width mismatch when connecting pin: '/RISC_V_0/f_M_AXI_RID'(1) to pin: '/axi_interconnect_0/S00_AXI_rid'(2) - Only lower order bits will be connected.
WARNING: [BD 41-2384] Width mismatch when connecting pin: '/RISC_V_0/ls_M_AXI_BID'(1) to pin: '/axi_interconnect_0/S01_AXI_bid'(2) - Only lower order bits will be connected.
WARNING: [BD 41-2384] Width mismatch when connecting pin: '/RISC_V_0/ls_M_AXI_RID'(1) to pin: '/axi_interconnect_0/S01_AXI_rid'(2) - Only lower order bits will be connected.
WARNING: [BD 41-2384] Width mismatch when connecting pin: '/axi_bram_ctrl_0_bram/addra'(32) to pin: '/axi_bram_ctrl_0/bram_addr_a'(15) - Only lower order bits will be connected.
WARNING: [BD 41-2384] Width mismatch when connecting pin: '/axi_bram_ctrl_1_bram/addra'(32) to pin: '/axi_bram_ctrl_1/bram_addr_a'(15) - Only lower order bits will be connected.
VHDL Output written to : c:/RISC_V_research/RISC_V/RISC_V.gen/sources_1/bd/RISC_V_block/synth/RISC_V_block.vhd
WARNING: [BD 41-2384] Width mismatch when connecting pin: '/axi_interconnect_0/xbar/s_axi_arid'(2) to pin: '/axi_interconnect_0/s00_couplers/M_AXI_arid'(1) - Only lower order bits will be connected.
WARNING: [BD 41-2384] Width mismatch when connecting pin: '/axi_interconnect_0/xbar/s_axi_awid'(2) to pin: '/axi_interconnect_0/s01_couplers/M_AXI_awid'(1) - Only lower order bits will be connected.
WARNING: [BD 41-2384] Width mismatch when connecting pin: '/axi_interconnect_0/xbar/s_axi_arid'(2) to pin: '/axi_interconnect_0/s01_couplers/M_AXI_arid'(1) - Only lower order bits will be connected.
WARNING: [BD 41-2384] Width mismatch when connecting pin: '/RISC_V_0/f_M_AXI_RID'(1) to pin: '/axi_interconnect_0/S00_AXI_rid'(2) - Only lower order bits will be connected.
WARNING: [BD 41-2384] Width mismatch when connecting pin: '/RISC_V_0/ls_M_AXI_BID'(1) to pin: '/axi_interconnect_0/S01_AXI_bid'(2) - Only lower order bits will be connected.
WARNING: [BD 41-2384] Width mismatch when connecting pin: '/RISC_V_0/ls_M_AXI_RID'(1) to pin: '/axi_interconnect_0/S01_AXI_rid'(2) - Only lower order bits will be connected.
WARNING: [BD 41-2384] Width mismatch when connecting pin: '/axi_bram_ctrl_0_bram/addra'(32) to pin: '/axi_bram_ctrl_0/bram_addr_a'(15) - Only lower order bits will be connected.
WARNING: [BD 41-2384] Width mismatch when connecting pin: '/axi_bram_ctrl_1_bram/addra'(32) to pin: '/axi_bram_ctrl_1/bram_addr_a'(15) - Only lower order bits will be connected.
VHDL Output written to : c:/RISC_V_research/RISC_V/RISC_V.gen/sources_1/bd/RISC_V_block/sim/RISC_V_block.vhd
VHDL Output written to : c:/RISC_V_research/RISC_V/RISC_V.gen/sources_1/bd/RISC_V_block/hdl/RISC_V_block_wrapper.vhd
INFO: [BD 41-1029] Generation completed for the IP Integrator block axi_interconnect_0/m02_couplers/auto_pc .
INFO: [BD 41-1029] Generation completed for the IP Integrator block axi_interconnect_0/m03_couplers/auto_pc .
Exporting to file c:/RISC_V_research/RISC_V/RISC_V.gen/sources_1/bd/RISC_V_block/hw_handoff/RISC_V_block.hwh
Generated Hardware Definition File c:/RISC_V_research/RISC_V/RISC_V.gen/sources_1/bd/RISC_V_block/synth/RISC_V_block.hwdef
INFO: [BD 41-3262] Generated VHDL Instantiation Template file c:/RISC_V_research/RISC_V/RISC_V.gen/sources_1/bd/RISC_V_block/RISC_V_block.vho
INFO: [BD 41-3262] Generated Verilog Instantiation Template file c:/RISC_V_research/RISC_V/RISC_V.gen/sources_1/bd/RISC_V_block/RISC_V_block.veo
INFO: [BD 41-3262] Generated System Verilog Instantiation Template file c:/RISC_V_research/RISC_V/RISC_V.gen/sources_1/bd/RISC_V_block/RISC_V_block_sv.sveo
generate_target: Time (s): cpu = 00:00:10 ; elapsed = 00:00:10 . Memory (MB): peak = 3028.691 ; gain = 0.000
export_ip_user_files -of_objects [get_files C:/RISC_V_research/RISC_V/RISC_V.srcs/sources_1/bd/RISC_V_block/RISC_V_block.bd] -no_script -sync -force -quiet
export_simulation -of_objects [get_files C:/RISC_V_research/RISC_V/RISC_V.srcs/sources_1/bd/RISC_V_block/RISC_V_block.bd] -directory C:/RISC_V_research/RISC_V/RISC_V.ip_user_files/sim_scripts -ip_user_files_dir C:/RISC_V_research/RISC_V/RISC_V.ip_user_files -ipstatic_source_dir C:/RISC_V_research/RISC_V/RISC_V.ip_user_files/ipstatic -lib_map_path [list {modelsim=C:/RISC_V_research/RISC_V/RISC_V.cache/compile_simlib/modelsim} {questa=C:/RISC_V_research/RISC_V/RISC_V.cache/compile_simlib/questa} {riviera=C:/RISC_V_research/RISC_V/RISC_V.cache/compile_simlib/riviera} {activehdl=C:/RISC_V_research/RISC_V/RISC_V.cache/compile_simlib/activehdl}] -use_ip_compiled_libs -force -quiet
launch_simulation
Command: launch_simulation  -mode behavioral
INFO: [Vivado 12-25911] Executing simulation for 'XSim' simulator
INFO: [Vivado 12-28535] Process started - Wed Aug 26 21:21:50 2026

INFO: [Vivado 12-12493] Simulation top is 'RISC_V_tb'
INFO: [Vivado 12-5682] Launching behavioral simulation in 'C:/RISC_V_research/RISC_V/RISC_V.sim/sim_1/behav/xsim'
INFO: [SIM-utils-51] Simulation object is 'sim_1'
INFO: [SIM-utils-72] Using boost library from 'C:/AMDDesignTools/2026.1/Vivado/tps/boost_1_72_0'
INFO: [USF-XSim-7] Finding pre-compiled libraries...
INFO: [USF-XSim-11] File 'C:/AMDDesignTools/2026.1/Vivado/data/xsim/xsim.ini' copied to run dir:'C:/RISC_V_research/RISC_V/RISC_V.sim/sim_1/behav/xsim'
INFO: [SIM-utils-54] Inspecting design source files for 'RISC_V_tb' in fileset 'sim_1'...
INFO: [SIM-utils-43] Exported 'C:/RISC_V_research/RISC_V/RISC_V.sim/sim_1/behav/xsim/cylon_test.coe'
INFO: [SIM-utils-43] Exported 'C:/RISC_V_research/RISC_V/RISC_V.sim/sim_1/behav/xsim/RISC_V_block_axi_bram_ctrl_0_bram_0.mif'
INFO: [USF-XSim-97] Finding global include files...
INFO: [USF-XSim-98] Fetching design files from 'sim_1'...
INFO: [USF-XSim-2] XSim::Compile design
INFO: [USF-XSim-61] Executing 'COMPILE and ANALYZE' step in 'C:/RISC_V_research/RISC_V/RISC_V.sim/sim_1/behav/xsim'
"xvlog --incr --relax -prj RISC_V_tb_vlog.prj"
INFO: [VRFC 10-2263] Analyzing Verilog file "C:/RISC_V_research/RISC_V/RISC_V.ip_user_files/bd/RISC_V_block/ip/RISC_V_block_axi_bram_ctrl_0_bram_0/sim/RISC_V_block_axi_bram_ctrl_0_bram_0.v" into library xil_defaultlib
INFO: [VRFC 10-311] analyzing module RISC_V_block_axi_bram_ctrl_0_bram_0
INFO: [VRFC 10-2263] Analyzing Verilog file "C:/RISC_V_research/RISC_V/RISC_V.ip_user_files/bd/RISC_V_block/ip/RISC_V_block_axi_bram_ctrl_1_bram_0/sim/RISC_V_block_axi_bram_ctrl_1_bram_0.v" into library xil_defaultlib
INFO: [VRFC 10-311] analyzing module RISC_V_block_axi_bram_ctrl_1_bram_0
INFO: [VRFC 10-2263] Analyzing Verilog file "C:/RISC_V_research/RISC_V/RISC_V.ip_user_files/bd/RISC_V_block/ip/RISC_V_block_axi_interconnect_0_imp_xbar_0/sim/RISC_V_block_axi_interconnect_0_imp_xbar_0.v" into library xil_defaultlib
INFO: [VRFC 10-311] analyzing module RISC_V_block_axi_interconnect_0_imp_xbar_0
INFO: [VRFC 10-2263] Analyzing Verilog file "C:/RISC_V_research/RISC_V/RISC_V.ip_user_files/bd/RISC_V_block/ip/RISC_V_block_clk_wiz_0_0/RISC_V_block_clk_wiz_0_0_clk_wiz.v" into library xil_defaultlib
INFO: [VRFC 10-311] analyzing module RISC_V_block_clk_wiz_0_0_clk_wiz
INFO: [VRFC 10-2263] Analyzing Verilog file "C:/RISC_V_research/RISC_V/RISC_V.ip_user_files/bd/RISC_V_block/ip/RISC_V_block_clk_wiz_0_0/RISC_V_block_clk_wiz_0_0.v" into library xil_defaultlib
INFO: [VRFC 10-311] analyzing module RISC_V_block_clk_wiz_0_0
INFO: [VRFC 10-2263] Analyzing Verilog file "C:/RISC_V_research/RISC_V/RISC_V.ip_user_files/bd/RISC_V_block/ip/RISC_V_block_axi_interconnect_0_imp_auto_pc_0/sim/RISC_V_block_axi_interconnect_0_imp_auto_pc_0.v" into library xil_defaultlib
INFO: [VRFC 10-311] analyzing module RISC_V_block_axi_interconnect_0_imp_auto_pc_0
INFO: [VRFC 10-2263] Analyzing Verilog file "C:/RISC_V_research/RISC_V/RISC_V.ip_user_files/bd/RISC_V_block/ip/RISC_V_block_axi_interconnect_0_imp_auto_pc_1/sim/RISC_V_block_axi_interconnect_0_imp_auto_pc_1.v" into library xil_defaultlib
INFO: [VRFC 10-311] analyzing module RISC_V_block_axi_interconnect_0_imp_auto_pc_1
"xvhdl --incr --relax -prj RISC_V_tb_vhdl.prj"
INFO: [VRFC 10-163] Analyzing VHDL file "C:/RISC_V_research/RISC_V/RISC_V.ip_user_files/bd/RISC_V_block/sim/RISC_V_block.vhd" into library xil_defaultlib
INFO: [VRFC 10-3107] analyzing entity 'm00_couplers_imp_1FYWC4H'
INFO: [VRFC 10-3107] analyzing entity 'm01_couplers_imp_1BU0OTD'
INFO: [VRFC 10-3107] analyzing entity 'm02_couplers_imp_15DHFQ9'
INFO: [VRFC 10-3107] analyzing entity 'm03_couplers_imp_104MPEP'
INFO: [VRFC 10-3107] analyzing entity 's00_couplers_imp_1A2ZIK2'
INFO: [VRFC 10-3107] analyzing entity 's01_couplers_imp_1D6FS6Q'
INFO: [VRFC 10-3107] analyzing entity 'RISC_V_block_axi_interconnect_0_0'
INFO: [VRFC 10-3107] analyzing entity 'RISC_V_block'
INFO: [VRFC 10-163] Analyzing VHDL file "C:/RISC_V_research/RISC_V/RISC_V.gen/sources_1/bd/RISC_V_block/hdl/RISC_V_block_wrapper.vhd" into library xil_defaultlib
INFO: [VRFC 10-3107] analyzing entity 'RISC_V_block_wrapper'
INFO: [VRFC 10-163] Analyzing VHDL file "C:/RISC_V_research/RISC_V/RISC_V.srcs/sim_1/imports/new/RISC_V_tb.vhdl" into library xil_defaultlib
INFO: [VRFC 10-3107] analyzing entity 'RISC_V_tb'
INFO: [USF-XSim-69] 'compile' step finished in '2' seconds
INFO: [USF-XSim-3] XSim::Elaborate design
INFO: [USF-XSim-61] Executing 'ELABORATE' step in 'C:/RISC_V_research/RISC_V/RISC_V.sim/sim_1/behav/xsim'
"xelab --incr --debug typical --relax --mt 2 -L xil_defaultlib -L axi_bram_ctrl_v4_1_14 -L blk_mem_gen_v8_4_13 -L axi_lite_ipif_v3_1_0 -L interrupt_control_v3_2_0 -L axi_gpio_v2_0_38 -L generic_baseblocks_v2_1_2 -L axi_infrastructure_v1_1_0 -L axi_register_slice_v2_1_37 -L fifo_generator_v13_2_15 -L axi_data_fifo_v2_1_37 -L axi_crossbar_v2_1_39 -L proc_sys_reset_v5_0_17 -L axi_protocol_converter_v2_1_38 -L unisims_ver -L unimacro_ver -L secureip -L xpm --snapshot RISC_V_tb_behav xil_defaultlib.RISC_V_tb xil_defaultlib.glbl -log elaborate.log"
Vivado Simulator v2026.1
Copyright 1986-2022 Xilinx, Inc. All Rights Reserved.
Copyright 2022-2026 Advanced Micro Devices, Inc. All Rights Reserved.
Running: C:/AMDDesignTools/2026.1/Vivado/bin/unwrapped/win64.o/xelab.exe --incr --debug typical --relax --mt 2 -L xil_defaultlib -L axi_bram_ctrl_v4_1_14 -L blk_mem_gen_v8_4_13 -L axi_lite_ipif_v3_1_0 -L interrupt_control_v3_2_0 -L axi_gpio_v2_0_38 -L generic_baseblocks_v2_1_2 -L axi_infrastructure_v1_1_0 -L axi_register_slice_v2_1_37 -L fifo_generator_v13_2_15 -L axi_data_fifo_v2_1_37 -L axi_crossbar_v2_1_39 -L proc_sys_reset_v5_0_17 -L axi_protocol_converter_v2_1_38 -L unisims_ver -L unimacro_ver -L secureip -L xpm --snapshot RISC_V_tb_behav xil_defaultlib.RISC_V_tb xil_defaultlib.glbl -log elaborate.log 
INFO: [XSIM 43-3493] Using 2 slave threads.
Starting static elaboration
Pass Through NonSizing Optimizer
WARNING: [VRFC 10-1409] subtype of case expression is not locally static [C:/RISC_V_research/RISC_V/RISC_V.srcs/sources_1/imports/new/Instruction_Decoder.vhdl:54]
WARNING: [VRFC 10-5021] port 'aclk2x' is not connected on this instance [/wrk/ci/prod/2026.1/sw/continuous/3336/output/customer/vivado/data/ip/xilinx/axi_protocol_converter_v2_1/hdl/axi_protocol_converter_v2_1_vl_rfs.v:4855]
WARNING: [VRFC 10-5021] port 'aclk2x' is not connected on this instance [/wrk/ci/prod/2026.1/sw/continuous/3336/output/customer/vivado/data/ip/xilinx/axi_protocol_converter_v2_1/hdl/axi_protocol_converter_v2_1_vl_rfs.v:5110]
WARNING: [VRFC 10-5021] port 'aclk2x' is not connected on this instance [/wrk/ci/prod/2026.1/sw/continuous/3336/output/customer/vivado/data/ip/xilinx/axi_crossbar_v2_1/hdl/axi_crossbar_v2_1_vl_rfs.v:3097]
Completed static elaboration
Starting simulation data flow analysis
Completed simulation data flow analysis
Time Resolution for simulation is 1ps
Compiling package std.standard
Compiling package std.textio
Compiling package ieee.std_logic_1164
Compiling package ieee.numeric_std
Compiling package ieee.math_real
Compiling package xil_defaultlib.riscv_package
Compiling package unisim.vcomponents
Compiling package xil_defaultlib.mi_package
Compiling package ieee.std_logic_arith
Compiling package xpm.vcomponents
Compiling package axi_bram_ctrl_v4_1_14.axi_bram_ctrl_funcs
Compiling package ieee.vital_timing
Compiling package ieee.vital_primitives
Compiling package unisim.vpkg
Compiling package ieee.std_logic_unsigned
Compiling package synopsys.attributes
Compiling package ieee.std_logic_misc
Compiling package axi_lite_ipif_v3_1_0.ipif_pkg
Compiling package vl.vl_types
Compiling module xil_defaultlib.glbl
Compiling architecture behavioral of entity xil_defaultlib.generic_register [\generic_register(bits=32)\]
Compiling architecture behavioral of entity xil_defaultlib.generic_register_file [generic_register_file_default]
Compiling architecture behavioral of entity xil_defaultlib.generic_shifter [\generic_shifter(shamt_bits=5)\]
Compiling architecture behavioral of entity xil_defaultlib.ALU [alu_default]
Compiling architecture behavioral of entity xil_defaultlib.generic_counter [\generic_counter(bits=30)\]
Compiling architecture behavioral of entity xil_defaultlib.btu [btu_default]
Compiling architecture behavioral of entity xil_defaultlib.Datapath [datapath_default]
Compiling architecture behavioral of entity xil_defaultlib.Instruction_Decoder [instruction_decoder_default]
Compiling architecture behavioral of entity xil_defaultlib.Sequencer [sequencer_default]
Compiling architecture behavioral of entity xil_defaultlib.generic_FIFO [\generic_FIFO(bits=64)\]
Compiling architecture implementation of entity xil_defaultlib.Fetch [\Fetch(c_m_axi_addr_width=32)(0,...]
Compiling architecture implementation of entity xil_defaultlib.Load_Store [\Load_Store(c_m_axi_addr_width=3...]
Compiling architecture behavioral of entity xil_defaultlib.RISC_V [risc_v_default]
Compiling architecture risc_v_block_risc_v_0_0_arch of entity xil_defaultlib.RISC_V_block_RISC_V_0_0 [risc_v_block_risc_v_0_0_default]
Compiling architecture implementation of entity axi_bram_ctrl_v4_1_14.sng_port_arb [\sng_port_arb(c_s_axi_addr_width...]
Compiling architecture implementation of entity axi_bram_ctrl_v4_1_14.ua_narrow [\ua_narrow(c_bram_addr_adjust_fa...]
Compiling architecture implementation of entity axi_bram_ctrl_v4_1_14.wrap_brst [\wrap_brst(c_axi_addr_width=15,c...]
Compiling architecture muxcy_v of entity unisim.MUXCY [muxcy_default]
Compiling architecture muxcy_l_v of entity unisim.MUXCY_L [muxcy_l_default]
Compiling architecture xorcy_v of entity unisim.XORCY [xorcy_default]
Compiling architecture srl16e_v of entity unisim.SRL16E [\SRL16E(0,15)\]
Compiling architecture fdre_v of entity unisim.FDRE [fdre_default]
Compiling architecture fdr_v of entity unisim.FDR [fdr_default]
Compiling architecture imp of entity axi_bram_ctrl_v4_1_14.SRL_FIFO [\SRL_FIFO(c_data_bits=2,c_depth=...]
Compiling architecture implementation of entity axi_bram_ctrl_v4_1_14.wr_chnl [\wr_chnl(c_axi_addr_width=15,c_a...]
Compiling architecture implementation of entity axi_bram_ctrl_v4_1_14.rd_chnl [\rd_chnl(c_axi_addr_width=15,c_a...]
Compiling architecture implementation of entity axi_bram_ctrl_v4_1_14.full_axi [\full_axi(c_s_axi_addr_width=15,...]
Compiling architecture implementation of entity axi_bram_ctrl_v4_1_14.axi_bram_ctrl_top [\axi_bram_ctrl_top(c_bram_addr_w...]
Compiling architecture implementation of entity axi_bram_ctrl_v4_1_14.axi_bram_ctrl [\axi_bram_ctrl(c_memory_depth=81...]
Compiling architecture risc_v_block_axi_bram_ctrl_0_0_arch of entity xil_defaultlib.RISC_V_block_axi_bram_ctrl_0_0 [risc_v_block_axi_bram_ctrl_0_0_d...]
Compiling module blk_mem_gen_v8_4_13.BLK_MEM_GEN_v8_4_output_stage(C_...
Compiling module blk_mem_gen_v8_4_13.BLK_MEM_GEN_v8_4_output_stage(C_...
Compiling module blk_mem_gen_v8_4_13.BLK_MEM_GEN_v8_4_softecc_output_...
Compiling module blk_mem_gen_v8_4_13.BLK_MEM_GEN_v8_4_mem_module(C_FA...
Compiling module blk_mem_gen_v8_4_13.blk_mem_gen_v8_4_13(C_FAMILY="ar...
Compiling module xil_defaultlib.RISC_V_block_axi_bram_ctrl_0_bra...
Compiling architecture risc_v_block_axi_bram_ctrl_1_0_arch of entity xil_defaultlib.RISC_V_block_axi_bram_ctrl_1_0 [risc_v_block_axi_bram_ctrl_1_0_d...]
Compiling module blk_mem_gen_v8_4_13.BLK_MEM_GEN_v8_4_mem_module(C_FA...
Compiling module blk_mem_gen_v8_4_13.blk_mem_gen_v8_4_13(C_FAMILY="ar...
Compiling module xil_defaultlib.RISC_V_block_axi_bram_ctrl_1_bra...
Compiling architecture imp of entity axi_lite_ipif_v3_1_0.pselect_f [\pselect_f(c_ab=2,c_aw=2,c_bar="...]
Compiling architecture imp of entity axi_lite_ipif_v3_1_0.pselect_f [\pselect_f(c_ab=2,c_aw=2,c_bar="...]
Compiling architecture imp of entity axi_lite_ipif_v3_1_0.pselect_f [\pselect_f(c_ab=2,c_aw=2,c_bar="...]
Compiling architecture imp of entity axi_lite_ipif_v3_1_0.pselect_f [\pselect_f(c_ab=2,c_aw=2,c_bar="...]
Compiling architecture imp of entity axi_lite_ipif_v3_1_0.address_decoder [\address_decoder(c_bus_awidth=9,...]
Compiling architecture imp of entity axi_lite_ipif_v3_1_0.slave_attachment [\slave_attachment(c_ard_addr_ran...]
Compiling architecture imp of entity axi_lite_ipif_v3_1_0.axi_lite_ipif [\axi_lite_ipif(c_s_axi_addr_widt...]
Compiling module xpm.xpm_cdc_array_single(DEST_SYNC_F...
Compiling architecture imp of entity axi_gpio_v2_0_38.GPIO_Core [\GPIO_Core(c_aw=9,c_gpio_width=1...]
Compiling architecture imp of entity axi_gpio_v2_0_38.axi_gpio [\axi_gpio(c_family="artix7",c_gp...]
Compiling architecture risc_v_block_axi_gpio_0_0_arch of entity xil_defaultlib.RISC_V_block_axi_gpio_0_0 [risc_v_block_axi_gpio_0_0_defaul...]
Compiling architecture imp of entity axi_gpio_v2_0_38.GPIO_Core [\GPIO_Core(c_aw=9,c_gpio_width=1...]
Compiling architecture imp of entity axi_gpio_v2_0_38.axi_gpio [\axi_gpio(c_family="artix7",c_gp...]
Compiling architecture risc_v_block_axi_gpio_1_0_arch of entity xil_defaultlib.RISC_V_block_axi_gpio_1_0 [risc_v_block_axi_gpio_1_0_defaul...]
Compiling architecture structure of entity xil_defaultlib.m00_couplers_imp_1FYWC4H [m00_couplers_imp_1fywc4h_default]
Compiling architecture structure of entity xil_defaultlib.m01_couplers_imp_1BU0OTD [m01_couplers_imp_1bu0otd_default]
Compiling module axi_infrastructure_v1_1_0.axi_infrastructure_v1_1_0_axi2ve...
Compiling module axi_infrastructure_v1_1_0.axi_infrastructure_v1_1_0_vector...
Compiling module axi_register_slice_v2_1_37.axi_register_slice_v2_1_37_axic_...
Compiling module axi_register_slice_v2_1_37.axi_register_slice_v2_1_37_axic_...
Compiling module axi_register_slice_v2_1_37.axi_register_slice_v2_1_37_axic_...
Compiling module axi_register_slice_v2_1_37.axi_register_slice_v2_1_37_axic_...
Compiling module axi_register_slice_v2_1_37.axi_register_slice_v2_1_37_axi_r...
Compiling module axi_protocol_converter_v2_1_38.axi_protocol_converter_v2_1_38_b...
Compiling module axi_protocol_converter_v2_1_38.axi_protocol_converter_v2_1_38_b...
Compiling module axi_protocol_converter_v2_1_38.axi_protocol_converter_v2_1_38_b...
Compiling module axi_protocol_converter_v2_1_38.axi_protocol_converter_v2_1_38_b...
Compiling module axi_protocol_converter_v2_1_38.axi_protocol_converter_v2_1_38_b...
Compiling module axi_protocol_converter_v2_1_38.axi_protocol_converter_v2_1_38_b...
Compiling module axi_protocol_converter_v2_1_38.axi_protocol_converter_v2_1_38_b...
Compiling module axi_protocol_converter_v2_1_38.axi_protocol_converter_v2_1_38_b...
Compiling module axi_protocol_converter_v2_1_38.axi_protocol_converter_v2_1_38_b...
Compiling module axi_protocol_converter_v2_1_38.axi_protocol_converter_v2_1_38_b...
Compiling module axi_protocol_converter_v2_1_38.axi_protocol_converter_v2_1_38_b...
Compiling module axi_protocol_converter_v2_1_38.axi_protocol_converter_v2_1_38_b...
Compiling module axi_protocol_converter_v2_1_38.axi_protocol_converter_v2_1_38_b...
Compiling module axi_infrastructure_v1_1_0.axi_infrastructure_v1_1_0_axi2ve...
Compiling module axi_infrastructure_v1_1_0.axi_infrastructure_v1_1_0_vector...
Compiling module axi_register_slice_v2_1_37.axi_register_slice_v2_1_37_axic_...
Compiling module axi_register_slice_v2_1_37.axi_register_slice_v2_1_37_axic_...
Compiling module axi_register_slice_v2_1_37.axi_register_slice_v2_1_37_axic_...
Compiling module axi_register_slice_v2_1_37.axi_register_slice_v2_1_37_axic_...
Compiling module axi_register_slice_v2_1_37.axi_register_slice_v2_1_37_axi_r...
Compiling module axi_protocol_converter_v2_1_38.axi_protocol_converter_v2_1_38_b...
Compiling module axi_protocol_converter_v2_1_38.axi_protocol_converter_v2_1_38_a...
Compiling module xil_defaultlib.RISC_V_block_axi_interconnect_0_...
Compiling architecture structure of entity xil_defaultlib.m02_couplers_imp_15DHFQ9 [m02_couplers_imp_15dhfq9_default]
Compiling module xil_defaultlib.RISC_V_block_axi_interconnect_0_...
Compiling architecture structure of entity xil_defaultlib.m03_couplers_imp_104MPEP [m03_couplers_imp_104mpep_default]
Compiling architecture structure of entity xil_defaultlib.s00_couplers_imp_1A2ZIK2 [s00_couplers_imp_1a2zik2_default]
Compiling architecture structure of entity xil_defaultlib.s01_couplers_imp_1D6FS6Q [s01_couplers_imp_1d6fs6q_default]
Compiling module generic_baseblocks_v2_1_2.generic_baseblocks_v2_1_2_carry_...
Compiling module generic_baseblocks_v2_1_2.generic_baseblocks_v2_1_2_compar...
Compiling module generic_baseblocks_v2_1_2.generic_baseblocks_v2_1_2_compar...
Compiling module generic_baseblocks_v2_1_2.generic_baseblocks_v2_1_2_compar...
Compiling module generic_baseblocks_v2_1_2.generic_baseblocks_v2_1_2_compar...
Compiling module axi_crossbar_v2_1_39.axi_crossbar_v2_1_39_addr_decode...
Compiling module axi_crossbar_v2_1_39.axi_crossbar_v2_1_39_arbiter_res...
Compiling module unisims_ver.MUXF7
Compiling module generic_baseblocks_v2_1_2.generic_baseblocks_v2_1_2_mux_en...
Compiling module unisims_ver.SRLC32E_default
Compiling module axi_data_fifo_v2_1_37.axi_data_fifo_v2_1_37_ndeep_srl(...
Compiling module axi_data_fifo_v2_1_37.axi_data_fifo_v2_1_37_axic_srl_f...
Compiling module axi_crossbar_v2_1_39.axi_crossbar_v2_1_39_si_transact...
Compiling module axi_crossbar_v2_1_39.axi_crossbar_v2_1_39_si_transact...
Compiling module generic_baseblocks_v2_1_2.generic_baseblocks_v2_1_2_mux_en...
Compiling module axi_crossbar_v2_1_39.axi_crossbar_v2_1_39_si_transact...
Compiling module axi_crossbar_v2_1_39.axi_crossbar_v2_1_39_splitter
Compiling module axi_data_fifo_v2_1_37.axi_data_fifo_v2_1_37_axic_reg_s...
Compiling module axi_crossbar_v2_1_39.axi_crossbar_v2_1_39_wdata_route...
Compiling module axi_crossbar_v2_1_39.axi_crossbar_v2_1_39_addr_decode...
Compiling module axi_crossbar_v2_1_39.axi_crossbar_v2_1_39_addr_decode...
Compiling module axi_data_fifo_v2_1_37.axi_data_fifo_v2_1_37_axic_reg_s...
Compiling module generic_baseblocks_v2_1_2.generic_baseblocks_v2_1_2_mux_en...
Compiling module axi_crossbar_v2_1_39.axi_crossbar_v2_1_39_wdata_mux(C...
Compiling module axi_data_fifo_v2_1_37.axi_data_fifo_v2_1_37_axic_srl_f...
Compiling module axi_infrastructure_v1_1_0.axi_infrastructure_v1_1_0_axi2ve...
Compiling module axi_infrastructure_v1_1_0.axi_infrastructure_v1_1_0_vector...
Compiling module axi_register_slice_v2_1_37.axi_register_slice_v2_1_37_axic_...
Compiling module axi_register_slice_v2_1_37.axi_register_slice_v2_1_37_axic_...
Compiling module axi_register_slice_v2_1_37.axi_register_slice_v2_1_37_axic_...
Compiling module axi_register_slice_v2_1_37.axi_register_slice_v2_1_37_axic_...
Compiling module axi_register_slice_v2_1_37.axi_register_slice_v2_1_37_axi_r...
Compiling module axi_data_fifo_v2_1_37.axi_data_fifo_v2_1_37_axic_reg_s...
Compiling module axi_crossbar_v2_1_39.axi_crossbar_v2_1_39_wdata_mux(C...
Compiling module axi_data_fifo_v2_1_37.axi_data_fifo_v2_1_37_axic_srl_f...
Compiling module generic_baseblocks_v2_1_2.generic_baseblocks_v2_1_2_mux_en...
Compiling module generic_baseblocks_v2_1_2.generic_baseblocks_v2_1_2_mux_en...
Compiling module axi_crossbar_v2_1_39.axi_crossbar_v2_1_39_addr_arbite...
Compiling module axi_crossbar_v2_1_39.axi_crossbar_v2_1_39_decerr_slav...
Compiling module axi_crossbar_v2_1_39.axi_crossbar_v2_1_39_crossbar(C_...
Compiling module axi_crossbar_v2_1_39.axi_crossbar_v2_1_39_axi_crossba...
Compiling module xil_defaultlib.RISC_V_block_axi_interconnect_0_...
Compiling architecture structure of entity xil_defaultlib.RISC_V_block_axi_interconnect_0_0 [risc_v_block_axi_interconnect_0_...]
Compiling module unisims_ver.IBUF
Compiling module unisims_ver.MMCME2_ADV(CLKFBOUT_MULT_F=49.87...
Compiling module unisims_ver.BUFG
Compiling module xil_defaultlib.RISC_V_block_clk_wiz_0_0_clk_wiz
Compiling module xil_defaultlib.RISC_V_block_clk_wiz_0_0
Compiling architecture fdre_v of entity unisim.FDRE [\FDRE(init='1')\]
Compiling module xpm.xpm_cdc_single(DEST_SYNC_FF=4,IN...
Compiling architecture srl16e_v of entity unisim.SRL16E [\SRL16E(init="1111111111111111")...]
Compiling architecture srl16_v of entity unisim.SRL16 [\SRL16(init="1111111111111111")(...]
Compiling architecture imp of entity proc_sys_reset_v5_0_17.lpf [\lpf(c_ext_rst_width=4,c_aux_rst...]
Compiling architecture imp of entity proc_sys_reset_v5_0_17.upcnt_n [\upcnt_n(c_size=6)\]
Compiling architecture imp of entity proc_sys_reset_v5_0_17.sequence_psr [sequence_psr_default]
Compiling architecture imp of entity proc_sys_reset_v5_0_17.proc_sys_reset [\proc_sys_reset(c_family="artix7...]
Compiling architecture risc_v_block_proc_sys_reset_0_0_arch of entity xil_defaultlib.RISC_V_block_proc_sys_reset_0_0 [risc_v_block_proc_sys_reset_0_0_...]
Compiling architecture structure of entity xil_defaultlib.RISC_V_block [risc_v_block_default]
Compiling architecture structure of entity xil_defaultlib.RISC_V_block_wrapper [risc_v_block_wrapper_default]
Compiling architecture behavioral of entity xil_defaultlib.risc_v_tb
Built simulation snapshot RISC_V_tb_behav
run_program: Time (s): cpu = 00:00:01 ; elapsed = 00:00:18 . Memory (MB): peak = 3028.691 ; gain = 0.000
INFO: [USF-XSim-69] 'elaborate' step finished in '18' seconds
INFO: [USF-XSim-4] XSim::Simulate design
INFO: [USF-XSim-61] Executing 'SIMULATE' step in 'C:/RISC_V_research/RISC_V/RISC_V.sim/sim_1/behav/xsim'
INFO: [USF-XSim-98] *** Running xsim
   with args "RISC_V_tb_behav -key {Behavioral:sim_1:Functional:RISC_V_tb} -tclbatch {RISC_V_tb.tcl} -protoinst "protoinst_files/RISC_V_block.protoinst" -view {C:/RISC_V_research/RISC_V/RISC_V_tb_behav.wcfg} -log {simulate.log}"
INFO: [USF-XSim-8] Loading simulator feature
INFO: [Wavedata 42-565] Reading protoinst file protoinst_files/RISC_V_block.protoinst
INFO: [Wavedata 42-564]   Found protocol instance at /RISC_V_tb/uut/RISC_V_block_i//RISC_V_0/f_M_AXI
INFO: [Wavedata 42-564]   Found protocol instance at /RISC_V_tb/uut/RISC_V_block_i//RISC_V_0/ls_M_AXI
INFO: [Wavedata 42-564]   Found protocol instance at /RISC_V_tb/uut/RISC_V_block_i//axi_bram_ctrl_0/S_AXI
INFO: [Wavedata 42-564]   Found protocol instance at /RISC_V_tb/uut/RISC_V_block_i//axi_bram_ctrl_1/S_AXI
INFO: [Wavedata 42-564]   Found protocol instance at /RISC_V_tb/uut/RISC_V_block_i//axi_gpio_0/S_AXI
INFO: [Wavedata 42-564]   Found protocol instance at /RISC_V_tb/uut/RISC_V_block_i//axi_gpio_1/S_AXI
INFO: [Wavedata 42-564]   Found protocol instance at /RISC_V_tb/uut/RISC_V_block_i//axi_interconnect_0/M00_AXI
INFO: [Wavedata 42-564]   Found protocol instance at /RISC_V_tb/uut/RISC_V_block_i//axi_interconnect_0/M01_AXI
INFO: [Wavedata 42-564]   Found protocol instance at /RISC_V_tb/uut/RISC_V_block_i//axi_interconnect_0/M02_AXI
INFO: [Wavedata 42-564]   Found protocol instance at /RISC_V_tb/uut/RISC_V_block_i//axi_interconnect_0/M03_AXI
INFO: [Wavedata 42-564]   Found protocol instance at /RISC_V_tb/uut/RISC_V_block_i//axi_interconnect_0/S00_AXI
INFO: [Wavedata 42-564]   Found protocol instance at /RISC_V_tb/uut/RISC_V_block_i//axi_interconnect_0/S01_AXI
INFO: [Wavedata 42-564]   Found protocol instance at /RISC_V_tb/uut/RISC_V_block_i//axi_interconnect_0/m00_couplers/M_AXI
INFO: [Wavedata 42-564]   Found protocol instance at /RISC_V_tb/uut/RISC_V_block_i//axi_interconnect_0/m00_couplers/S_AXI
INFO: [Wavedata 42-564]   Found protocol instance at /RISC_V_tb/uut/RISC_V_block_i//axi_interconnect_0/m01_couplers/M_AXI
INFO: [Wavedata 42-564]   Found protocol instance at /RISC_V_tb/uut/RISC_V_block_i//axi_interconnect_0/m01_couplers/S_AXI
INFO: [Wavedata 42-564]   Found protocol instance at /RISC_V_tb/uut/RISC_V_block_i//axi_interconnect_0/m02_couplers/M_AXI
INFO: [Wavedata 42-564]   Found protocol instance at /RISC_V_tb/uut/RISC_V_block_i//axi_interconnect_0/m02_couplers/S_AXI
INFO: [Wavedata 42-564]   Found protocol instance at /RISC_V_tb/uut/RISC_V_block_i//axi_interconnect_0/m02_couplers/auto_pc/M_AXI
INFO: [Wavedata 42-564]   Found protocol instance at /RISC_V_tb/uut/RISC_V_block_i//axi_interconnect_0/m02_couplers/auto_pc/S_AXI
INFO: [Wavedata 42-564]   Found protocol instance at /RISC_V_tb/uut/RISC_V_block_i//axi_interconnect_0/m03_couplers/M_AXI
INFO: [Wavedata 42-564]   Found protocol instance at /RISC_V_tb/uut/RISC_V_block_i//axi_interconnect_0/m03_couplers/S_AXI
INFO: [Wavedata 42-564]   Found protocol instance at /RISC_V_tb/uut/RISC_V_block_i//axi_interconnect_0/m03_couplers/auto_pc/M_AXI
INFO: [Wavedata 42-564]   Found protocol instance at /RISC_V_tb/uut/RISC_V_block_i//axi_interconnect_0/m03_couplers/auto_pc/S_AXI
INFO: [Wavedata 42-564]   Found protocol instance at /RISC_V_tb/uut/RISC_V_block_i//axi_interconnect_0/s00_couplers/M_AXI
INFO: [Wavedata 42-564]   Found protocol instance at /RISC_V_tb/uut/RISC_V_block_i//axi_interconnect_0/s00_couplers/S_AXI
INFO: [Wavedata 42-564]   Found protocol instance at /RISC_V_tb/uut/RISC_V_block_i//axi_interconnect_0/s01_couplers/M_AXI
INFO: [Wavedata 42-564]   Found protocol instance at /RISC_V_tb/uut/RISC_V_block_i//axi_interconnect_0/s01_couplers/S_AXI
INFO: [Wavedata 42-564]   Found protocol instance at /RISC_V_tb/uut/RISC_V_block_i//axi_interconnect_0/xbar/M00_AXI
INFO: [Wavedata 42-564]   Found protocol instance at /RISC_V_tb/uut/RISC_V_block_i//axi_interconnect_0/xbar/M01_AXI
INFO: [Wavedata 42-564]   Found protocol instance at /RISC_V_tb/uut/RISC_V_block_i//axi_interconnect_0/xbar/M02_AXI
INFO: [Wavedata 42-564]   Found protocol instance at /RISC_V_tb/uut/RISC_V_block_i//axi_interconnect_0/xbar/M03_AXI
INFO: [Wavedata 42-564]   Found protocol instance at /RISC_V_tb/uut/RISC_V_block_i//axi_interconnect_0/xbar/S00_AXI
INFO: [Wavedata 42-564]   Found protocol instance at /RISC_V_tb/uut/RISC_V_block_i//axi_interconnect_0/xbar/S01_AXI
Time resolution is 1 ps
open_wave_config C:/RISC_V_research/RISC_V/RISC_V_tb_behav.wcfg
source RISC_V_tb.tcl
# set curr_wave [current_wave_config]
# if { [string length $curr_wave] == 0 } {
#   if { [llength [get_objects]] > 0} {
#     add_wave /
#     set_property needs_save false [current_wave_config]
#   } else {
#      send_msg_id Add_Wave-1 WARNING "No top level signals found. Simulator will start without a wave window. If you want to open a wave window go to 'File->New Waveform Configuration' or type 'create_wave_config' in the TCL console."
#   }
# }
# run 1000ns
 Block Memory Generator module loading initial data...
 Block Memory Generator data initialization complete.
Block Memory Generator module RISC_V_tb.uut.RISC_V_block_i.axi_bram_ctrl_0_bram.inst.native_mem_mapped_module.blk_mem_gen_v8_4_13_inst is using a behavioral model for simulation which will not precisely model memory collision behavior.
Block Memory Generator module RISC_V_tb.uut.RISC_V_block_i.axi_bram_ctrl_1_bram.inst.native_mem_mapped_module.blk_mem_gen_v8_4_13_inst is using a behavioral model for simulation which will not precisely model memory collision behavior.
INFO: [USF-XSim-96] XSim completed. Design snapshot 'RISC_V_tb_behav' loaded.
INFO: [USF-XSim-97] XSim simulation ran for 1000ns
launch_simulation: Time (s): cpu = 00:00:06 ; elapsed = 00:00:24 . Memory (MB): peak = 3028.691 ; gain = 0.000
run 10 ms
run: Time (s): cpu = 00:00:26 ; elapsed = 00:01:00 . Memory (MB): peak = 3856.461 ; gain = 827.770
run 10 ms
run: Time (s): cpu = 00:00:18 ; elapsed = 00:00:57 . Memory (MB): peak = 3856.461 ; gain = 0.000
run 10 ms
open_bd_design {C:/RISC_V_research/RISC_V/RISC_V.srcs/sources_1/bd/RISC_V_block/RISC_V_block.bd}
INFO: [Device 21-403] Loading part xc7a100tcsg324-1
current_project Da_Big_One_with_prefetch
current_project RISC_V
current_wave_config {RISC_V_tb_behav.wcfg}
RISC_V_tb_behav.wcfg
add_wave {{/RISC_V_tb/uut/RISC_V_block_i/clk_wiz_0_locked}} 
run 10 ms
run: Time (s): cpu = 00:00:18 ; elapsed = 00:00:43 . Memory (MB): peak = 4276.125 ; gain = 419.664
open_bd_design {C:/RISC_V_research/RISC_V/RISC_V.srcs/sources_1/bd/RISC_V_block/RISC_V_block.bd}
run 10 ms
run: Time (s): cpu = 00:00:10 ; elapsed = 00:01:05 . Memory (MB): peak = 4276.125 ; gain = 0.000
open_bd_design {C:/RISC_V_research/RISC_V/RISC_V.srcs/sources_1/bd/RISC_V_block/RISC_V_block.bd}
current_project Da_Big_One_with_prefetch
startgroup
current_project RISC_V
set_property -dict [list \
  CONFIG.CLKIN2_JITTER_PS {166.24} \
  CONFIG.CLKOUT1_JITTER {259.955} \
  CONFIG.CLKOUT1_PHASE_ERROR {293.793} \
  CONFIG.ENABLE_CLOCK_MONITOR {false} \
  CONFIG.JITTER_SEL {No_Jitter} \
  CONFIG.MMCM_BANDWIDTH {OPTIMIZED} \
  CONFIG.MMCM_CLKFBOUT_MULT_F {49.875} \
  CONFIG.MMCM_CLKIN2_PERIOD {16.624} \
  CONFIG.MMCM_CLKOUT0_DIVIDE_F {16.625} \
  CONFIG.MMCM_DIVCLK_DIVIDE {5} \
  CONFIG.PRIMITIVE {MMCM} \
  CONFIG.SECONDARY_SOURCE {Single_ended_clock_capable_pin} \
  CONFIG.USE_INCLK_SWITCHOVER {false} \
  CONFIG.USE_LOCKED {true} \
  CONFIG.USE_RESET {true} \
] [get_bd_cells clk_wiz_0]
WARNING: [IP_Flow 19-3374] An attempt to modify the value of disabled parameter 'MMCM_CLKIN2_PERIOD' from '10.000' to '16.624' has been ignored for IP 'clk_wiz_0'
endgroup
current_project Da_Big_One_with_prefetch
current_project RISC_V
current_project Da_Big_One_with_prefetch
startgroup
current_project RISC_V
set_property CONFIG.CONST_VAL {0} [get_bd_cells ilconstant_1]
endgroup
set_property name resetn [get_bd_ports reset]
make_wrapper -files [get_files C:/RISC_V_research/RISC_V/RISC_V.srcs/sources_1/bd/RISC_V_block/RISC_V_block.bd] -top
INFO: [xilinx.com:ip:clk_wiz:6.0-1] /clk_wiz_0 clk_wiz propagate
INFO: [xilinx.com:ip:clk_wiz:6.0-1] /clk_wiz_0 clk_wiz propagate
Wrote  : <C:\RISC_V_research\RISC_V\RISC_V.srcs\sources_1\bd\RISC_V_block\RISC_V_block.bd> 
Wrote  : <C:/RISC_V_research/RISC_V/RISC_V.srcs/sources_1/bd/RISC_V_block/ui/bd_54da91ac.ui> 
WARNING: [BD 41-2384] Width mismatch when connecting pin: '/axi_interconnect_0/xbar/s_axi_arid'(2) to pin: '/axi_interconnect_0/s00_couplers/M_AXI_arid'(1) - Only lower order bits will be connected.
WARNING: [BD 41-2384] Width mismatch when connecting pin: '/axi_interconnect_0/xbar/s_axi_awid'(2) to pin: '/axi_interconnect_0/s01_couplers/M_AXI_awid'(1) - Only lower order bits will be connected.
WARNING: [BD 41-2384] Width mismatch when connecting pin: '/axi_interconnect_0/xbar/s_axi_arid'(2) to pin: '/axi_interconnect_0/s01_couplers/M_AXI_arid'(1) - Only lower order bits will be connected.
WARNING: [BD 41-2384] Width mismatch when connecting pin: '/RISC_V_0/f_M_AXI_RID'(1) to pin: '/axi_interconnect_0/S00_AXI_rid'(2) - Only lower order bits will be connected.
WARNING: [BD 41-2384] Width mismatch when connecting pin: '/RISC_V_0/ls_M_AXI_BID'(1) to pin: '/axi_interconnect_0/S01_AXI_bid'(2) - Only lower order bits will be connected.
WARNING: [BD 41-2384] Width mismatch when connecting pin: '/RISC_V_0/ls_M_AXI_RID'(1) to pin: '/axi_interconnect_0/S01_AXI_rid'(2) - Only lower order bits will be connected.
WARNING: [BD 41-2384] Width mismatch when connecting pin: '/axi_bram_ctrl_0_bram/addra'(32) to pin: '/axi_bram_ctrl_0/bram_addr_a'(15) - Only lower order bits will be connected.
WARNING: [BD 41-2384] Width mismatch when connecting pin: '/axi_bram_ctrl_1_bram/addra'(32) to pin: '/axi_bram_ctrl_1/bram_addr_a'(15) - Only lower order bits will be connected.
VHDL Output written to : c:/RISC_V_research/RISC_V/RISC_V.gen/sources_1/bd/RISC_V_block/synth/RISC_V_block.vhd
WARNING: [BD 41-2384] Width mismatch when connecting pin: '/axi_interconnect_0/xbar/s_axi_arid'(2) to pin: '/axi_interconnect_0/s00_couplers/M_AXI_arid'(1) - Only lower order bits will be connected.
WARNING: [BD 41-2384] Width mismatch when connecting pin: '/axi_interconnect_0/xbar/s_axi_awid'(2) to pin: '/axi_interconnect_0/s01_couplers/M_AXI_awid'(1) - Only lower order bits will be connected.
WARNING: [BD 41-2384] Width mismatch when connecting pin: '/axi_interconnect_0/xbar/s_axi_arid'(2) to pin: '/axi_interconnect_0/s01_couplers/M_AXI_arid'(1) - Only lower order bits will be connected.
WARNING: [BD 41-2384] Width mismatch when connecting pin: '/RISC_V_0/f_M_AXI_RID'(1) to pin: '/axi_interconnect_0/S00_AXI_rid'(2) - Only lower order bits will be connected.
WARNING: [BD 41-2384] Width mismatch when connecting pin: '/RISC_V_0/ls_M_AXI_BID'(1) to pin: '/axi_interconnect_0/S01_AXI_bid'(2) - Only lower order bits will be connected.
WARNING: [BD 41-2384] Width mismatch when connecting pin: '/RISC_V_0/ls_M_AXI_RID'(1) to pin: '/axi_interconnect_0/S01_AXI_rid'(2) - Only lower order bits will be connected.
WARNING: [BD 41-2384] Width mismatch when connecting pin: '/axi_bram_ctrl_0_bram/addra'(32) to pin: '/axi_bram_ctrl_0/bram_addr_a'(15) - Only lower order bits will be connected.
WARNING: [BD 41-2384] Width mismatch when connecting pin: '/axi_bram_ctrl_1_bram/addra'(32) to pin: '/axi_bram_ctrl_1/bram_addr_a'(15) - Only lower order bits will be connected.
VHDL Output written to : c:/RISC_V_research/RISC_V/RISC_V.gen/sources_1/bd/RISC_V_block/sim/RISC_V_block.vhd
VHDL Output written to : c:/RISC_V_research/RISC_V/RISC_V.gen/sources_1/bd/RISC_V_block/hdl/RISC_V_block_wrapper.vhd
make_wrapper: Time (s): cpu = 00:00:10 ; elapsed = 00:00:10 . Memory (MB): peak = 4276.125 ; gain = 0.000
current_project Da_Big_One_with_prefetch
current_project RISC_V
relaunch_sim
INFO: xsimkernel Simulation Memory Usage: 37676 KB (Peak: 37676 KB), Simulation CPU Usage: 226718 ms
Command: launch_simulation -step compile -simset sim_1 -mode behavioral
INFO: [Vivado 12-25911] Executing simulation for 'XSim' simulator
INFO: [Vivado 12-28535] Process started - Wed Aug 26 21:51:39 2026

INFO: [Vivado 12-12493] Simulation top is 'RISC_V_tb'
INFO: [Vivado 12-5682] Launching behavioral simulation in 'C:/RISC_V_research/RISC_V/RISC_V.sim/sim_1/behav/xsim'
INFO: [SIM-utils-51] Simulation object is 'sim_1'
INFO: [USF-XSim-2] XSim::Compile design
INFO: [USF-XSim-61] Executing 'COMPILE and ANALYZE' step in 'C:/RISC_V_research/RISC_V/RISC_V.sim/sim_1/behav/xsim'
"xvlog --incr --relax -prj RISC_V_tb_vlog.prj"
ERROR: [XSIM 43-4316] Can not find file: ../../../../RISC_V.ip_user_files/bd/RISC_V_block/ip/RISC_V_block_axi_interconnect_0_imp_auto_pc_0/sim/RISC_V_block_axi_interconnect_0_imp_auto_pc_0.v
"xvhdl --incr --relax -prj RISC_V_tb_vhdl.prj"
INFO: [VRFC 10-163] Analyzing VHDL file "C:/RISC_V_research/RISC_V/RISC_V.ip_user_files/bd/RISC_V_block/sim/RISC_V_block.vhd" into library xil_defaultlib
INFO: [VRFC 10-3107] analyzing entity 'm00_couplers_imp_1FYWC4H'
INFO: [VRFC 10-3107] analyzing entity 'm01_couplers_imp_1BU0OTD'
INFO: [VRFC 10-3107] analyzing entity 'm02_couplers_imp_15DHFQ9'
INFO: [VRFC 10-3107] analyzing entity 'm03_couplers_imp_104MPEP'
INFO: [VRFC 10-3107] analyzing entity 's00_couplers_imp_1A2ZIK2'
INFO: [VRFC 10-3107] analyzing entity 's01_couplers_imp_1D6FS6Q'
INFO: [VRFC 10-3107] analyzing entity 'RISC_V_block_axi_interconnect_0_0'
INFO: [VRFC 10-3107] analyzing entity 'RISC_V_block'
INFO: [VRFC 10-163] Analyzing VHDL file "C:/RISC_V_research/RISC_V/RISC_V.gen/sources_1/bd/RISC_V_block/hdl/RISC_V_block_wrapper.vhd" into library xil_defaultlib
INFO: [VRFC 10-3107] analyzing entity 'RISC_V_block_wrapper'
INFO: [VRFC 10-163] Analyzing VHDL file "C:/RISC_V_research/RISC_V/RISC_V.srcs/sim_1/imports/new/RISC_V_tb.vhdl" into library xil_defaultlib
INFO: [VRFC 10-3107] analyzing entity 'RISC_V_tb'
INFO: [USF-XSim-69] 'compile' step finished in '2' seconds
INFO: [USF-XSim-99] Step results log file:'C:/RISC_V_research/RISC_V/RISC_V.sim/sim_1/behav/xsim/xvlog.log'
ERROR: [USF-XSim-62] 'compile' step failed with error(s). Please check the Tcl console output or 'C:/RISC_V_research/RISC_V/RISC_V.sim/sim_1/behav/xsim/xvlog.log' file for more information.
ERROR: [Vivado 12-4473] Detected error while running simulation. Please correct the issue and retry this operation.
ERROR: [Common 17-39] 'launch_simulation' failed due to earlier errors.
ERROR: [Common 17-69] Command failed: ERROR: [Common 17-39] 'launch_simulation' failed due to earlier errors.

save_wave_config {C:/RISC_V_research/RISC_V/RISC_V_tb_behav.wcfg}
close_sim
INFO: [Simtcl 6-16] Simulation closed
generate_target Simulation [get_files C:/RISC_V_research/RISC_V/RISC_V.srcs/sources_1/bd/RISC_V_block/RISC_V_block.bd]
INFO: [BD 41-1662] The design 'RISC_V_block.bd' is already validated. Therefore parameter propagation will not be re-run.
Wrote  : <C:/RISC_V_research/RISC_V/RISC_V.srcs/sources_1/bd/RISC_V_block/ui/bd_54da91ac.ui> 
WARNING: [BD 41-2384] Width mismatch when connecting pin: '/axi_interconnect_0/xbar/s_axi_arid'(2) to pin: '/axi_interconnect_0/s00_couplers/M_AXI_arid'(1) - Only lower order bits will be connected.
WARNING: [BD 41-2384] Width mismatch when connecting pin: '/axi_interconnect_0/xbar/s_axi_awid'(2) to pin: '/axi_interconnect_0/s01_couplers/M_AXI_awid'(1) - Only lower order bits will be connected.
WARNING: [BD 41-2384] Width mismatch when connecting pin: '/axi_interconnect_0/xbar/s_axi_arid'(2) to pin: '/axi_interconnect_0/s01_couplers/M_AXI_arid'(1) - Only lower order bits will be connected.
WARNING: [BD 41-2384] Width mismatch when connecting pin: '/RISC_V_0/f_M_AXI_RID'(1) to pin: '/axi_interconnect_0/S00_AXI_rid'(2) - Only lower order bits will be connected.
WARNING: [BD 41-2384] Width mismatch when connecting pin: '/RISC_V_0/ls_M_AXI_BID'(1) to pin: '/axi_interconnect_0/S01_AXI_bid'(2) - Only lower order bits will be connected.
WARNING: [BD 41-2384] Width mismatch when connecting pin: '/RISC_V_0/ls_M_AXI_RID'(1) to pin: '/axi_interconnect_0/S01_AXI_rid'(2) - Only lower order bits will be connected.
WARNING: [BD 41-2384] Width mismatch when connecting pin: '/axi_bram_ctrl_0_bram/addra'(32) to pin: '/axi_bram_ctrl_0/bram_addr_a'(15) - Only lower order bits will be connected.
WARNING: [BD 41-2384] Width mismatch when connecting pin: '/axi_bram_ctrl_1_bram/addra'(32) to pin: '/axi_bram_ctrl_1/bram_addr_a'(15) - Only lower order bits will be connected.
VHDL Output written to : c:/RISC_V_research/RISC_V/RISC_V.gen/sources_1/bd/RISC_V_block/synth/RISC_V_block.vhd
WARNING: [BD 41-2384] Width mismatch when connecting pin: '/axi_interconnect_0/xbar/s_axi_arid'(2) to pin: '/axi_interconnect_0/s00_couplers/M_AXI_arid'(1) - Only lower order bits will be connected.
WARNING: [BD 41-2384] Width mismatch when connecting pin: '/axi_interconnect_0/xbar/s_axi_awid'(2) to pin: '/axi_interconnect_0/s01_couplers/M_AXI_awid'(1) - Only lower order bits will be connected.
WARNING: [BD 41-2384] Width mismatch when connecting pin: '/axi_interconnect_0/xbar/s_axi_arid'(2) to pin: '/axi_interconnect_0/s01_couplers/M_AXI_arid'(1) - Only lower order bits will be connected.
WARNING: [BD 41-2384] Width mismatch when connecting pin: '/RISC_V_0/f_M_AXI_RID'(1) to pin: '/axi_interconnect_0/S00_AXI_rid'(2) - Only lower order bits will be connected.
WARNING: [BD 41-2384] Width mismatch when connecting pin: '/RISC_V_0/ls_M_AXI_BID'(1) to pin: '/axi_interconnect_0/S01_AXI_bid'(2) - Only lower order bits will be connected.
WARNING: [BD 41-2384] Width mismatch when connecting pin: '/RISC_V_0/ls_M_AXI_RID'(1) to pin: '/axi_interconnect_0/S01_AXI_rid'(2) - Only lower order bits will be connected.
WARNING: [BD 41-2384] Width mismatch when connecting pin: '/axi_bram_ctrl_0_bram/addra'(32) to pin: '/axi_bram_ctrl_0/bram_addr_a'(15) - Only lower order bits will be connected.
WARNING: [BD 41-2384] Width mismatch when connecting pin: '/axi_bram_ctrl_1_bram/addra'(32) to pin: '/axi_bram_ctrl_1/bram_addr_a'(15) - Only lower order bits will be connected.
VHDL Output written to : c:/RISC_V_research/RISC_V/RISC_V.gen/sources_1/bd/RISC_V_block/sim/RISC_V_block.vhd
VHDL Output written to : c:/RISC_V_research/RISC_V/RISC_V.gen/sources_1/bd/RISC_V_block/hdl/RISC_V_block_wrapper.vhd
INFO: [BD 41-1029] Generation completed for the IP Integrator block clk_wiz_0 .
INFO: [BD 41-1029] Generation completed for the IP Integrator block axi_interconnect_0/m02_couplers/auto_pc .
INFO: [BD 41-1029] Generation completed for the IP Integrator block axi_interconnect_0/m03_couplers/auto_pc .
Exporting to file c:/RISC_V_research/RISC_V/RISC_V.gen/sources_1/bd/RISC_V_block/hw_handoff/RISC_V_block.hwh
Generated Hardware Definition File c:/RISC_V_research/RISC_V/RISC_V.gen/sources_1/bd/RISC_V_block/synth/RISC_V_block.hwdef
INFO: [BD 41-3262] Generated VHDL Instantiation Template file c:/RISC_V_research/RISC_V/RISC_V.gen/sources_1/bd/RISC_V_block/RISC_V_block.vho
INFO: [BD 41-3262] Generated Verilog Instantiation Template file c:/RISC_V_research/RISC_V/RISC_V.gen/sources_1/bd/RISC_V_block/RISC_V_block.veo
INFO: [BD 41-3262] Generated System Verilog Instantiation Template file c:/RISC_V_research/RISC_V/RISC_V.gen/sources_1/bd/RISC_V_block/RISC_V_block_sv.sveo
export_ip_user_files -of_objects [get_files C:/RISC_V_research/RISC_V/RISC_V.srcs/sources_1/bd/RISC_V_block/RISC_V_block.bd] -no_script -sync -force -quiet
export_simulation -of_objects [get_files C:/RISC_V_research/RISC_V/RISC_V.srcs/sources_1/bd/RISC_V_block/RISC_V_block.bd] -directory C:/RISC_V_research/RISC_V/RISC_V.ip_user_files/sim_scripts -ip_user_files_dir C:/RISC_V_research/RISC_V/RISC_V.ip_user_files -ipstatic_source_dir C:/RISC_V_research/RISC_V/RISC_V.ip_user_files/ipstatic -lib_map_path [list {modelsim=C:/RISC_V_research/RISC_V/RISC_V.cache/compile_simlib/modelsim} {questa=C:/RISC_V_research/RISC_V/RISC_V.cache/compile_simlib/questa} {riviera=C:/RISC_V_research/RISC_V/RISC_V.cache/compile_simlib/riviera} {activehdl=C:/RISC_V_research/RISC_V/RISC_V.cache/compile_simlib/activehdl}] -use_ip_compiled_libs -force -quiet
launch_simulation
Command: launch_simulation  -mode behavioral
INFO: [Vivado 12-25911] Executing simulation for 'XSim' simulator
INFO: [Vivado 12-28535] Process started - Wed Aug 26 21:52:26 2026

INFO: [Vivado 12-12493] Simulation top is 'RISC_V_tb'
INFO: [Vivado 12-5682] Launching behavioral simulation in 'C:/RISC_V_research/RISC_V/RISC_V.sim/sim_1/behav/xsim'
INFO: [SIM-utils-51] Simulation object is 'sim_1'
INFO: [SIM-utils-72] Using boost library from 'C:/AMDDesignTools/2026.1/Vivado/tps/boost_1_72_0'
INFO: [USF-XSim-7] Finding pre-compiled libraries...
INFO: [USF-XSim-11] File 'C:/AMDDesignTools/2026.1/Vivado/data/xsim/xsim.ini' copied to run dir:'C:/RISC_V_research/RISC_V/RISC_V.sim/sim_1/behav/xsim'
INFO: [SIM-utils-54] Inspecting design source files for 'RISC_V_tb' in fileset 'sim_1'...
INFO: [SIM-utils-43] Exported 'C:/RISC_V_research/RISC_V/RISC_V.sim/sim_1/behav/xsim/cylon_test.coe'
INFO: [SIM-utils-43] Exported 'C:/RISC_V_research/RISC_V/RISC_V.sim/sim_1/behav/xsim/RISC_V_block_axi_bram_ctrl_0_bram_0.mif'
INFO: [USF-XSim-97] Finding global include files...
INFO: [USF-XSim-98] Fetching design files from 'sim_1'...
INFO: [USF-XSim-2] XSim::Compile design
INFO: [USF-XSim-61] Executing 'COMPILE and ANALYZE' step in 'C:/RISC_V_research/RISC_V/RISC_V.sim/sim_1/behav/xsim'
"xvlog --incr --relax -prj RISC_V_tb_vlog.prj"
INFO: [VRFC 10-2263] Analyzing Verilog file "C:/RISC_V_research/RISC_V/RISC_V.ip_user_files/bd/RISC_V_block/ip/RISC_V_block_axi_bram_ctrl_0_bram_0/sim/RISC_V_block_axi_bram_ctrl_0_bram_0.v" into library xil_defaultlib
INFO: [VRFC 10-311] analyzing module RISC_V_block_axi_bram_ctrl_0_bram_0
INFO: [VRFC 10-2263] Analyzing Verilog file "C:/RISC_V_research/RISC_V/RISC_V.ip_user_files/bd/RISC_V_block/ip/RISC_V_block_axi_bram_ctrl_1_bram_0/sim/RISC_V_block_axi_bram_ctrl_1_bram_0.v" into library xil_defaultlib
INFO: [VRFC 10-311] analyzing module RISC_V_block_axi_bram_ctrl_1_bram_0
INFO: [VRFC 10-2263] Analyzing Verilog file "C:/RISC_V_research/RISC_V/RISC_V.ip_user_files/bd/RISC_V_block/ip/RISC_V_block_axi_interconnect_0_imp_xbar_0/sim/RISC_V_block_axi_interconnect_0_imp_xbar_0.v" into library xil_defaultlib
INFO: [VRFC 10-311] analyzing module RISC_V_block_axi_interconnect_0_imp_xbar_0
INFO: [VRFC 10-2263] Analyzing Verilog file "C:/RISC_V_research/RISC_V/RISC_V.ip_user_files/bd/RISC_V_block/ip/RISC_V_block_clk_wiz_0_0/RISC_V_block_clk_wiz_0_0_clk_wiz.v" into library xil_defaultlib
INFO: [VRFC 10-311] analyzing module RISC_V_block_clk_wiz_0_0_clk_wiz
INFO: [VRFC 10-2263] Analyzing Verilog file "C:/RISC_V_research/RISC_V/RISC_V.ip_user_files/bd/RISC_V_block/ip/RISC_V_block_clk_wiz_0_0/RISC_V_block_clk_wiz_0_0.v" into library xil_defaultlib
INFO: [VRFC 10-311] analyzing module RISC_V_block_clk_wiz_0_0
INFO: [VRFC 10-2263] Analyzing Verilog file "C:/RISC_V_research/RISC_V/RISC_V.ip_user_files/bd/RISC_V_block/ip/RISC_V_block_axi_interconnect_0_imp_auto_pc_0/sim/RISC_V_block_axi_interconnect_0_imp_auto_pc_0.v" into library xil_defaultlib
INFO: [VRFC 10-311] analyzing module RISC_V_block_axi_interconnect_0_imp_auto_pc_0
INFO: [VRFC 10-2263] Analyzing Verilog file "C:/RISC_V_research/RISC_V/RISC_V.ip_user_files/bd/RISC_V_block/ip/RISC_V_block_axi_interconnect_0_imp_auto_pc_1/sim/RISC_V_block_axi_interconnect_0_imp_auto_pc_1.v" into library xil_defaultlib
INFO: [VRFC 10-311] analyzing module RISC_V_block_axi_interconnect_0_imp_auto_pc_1
"xvhdl --incr --relax -prj RISC_V_tb_vhdl.prj"
INFO: [VRFC 10-163] Analyzing VHDL file "C:/RISC_V_research/RISC_V/RISC_V.ip_user_files/bd/RISC_V_block/sim/RISC_V_block.vhd" into library xil_defaultlib
INFO: [VRFC 10-3107] analyzing entity 'm00_couplers_imp_1FYWC4H'
INFO: [VRFC 10-3107] analyzing entity 'm01_couplers_imp_1BU0OTD'
INFO: [VRFC 10-3107] analyzing entity 'm02_couplers_imp_15DHFQ9'
INFO: [VRFC 10-3107] analyzing entity 'm03_couplers_imp_104MPEP'
INFO: [VRFC 10-3107] analyzing entity 's00_couplers_imp_1A2ZIK2'
INFO: [VRFC 10-3107] analyzing entity 's01_couplers_imp_1D6FS6Q'
INFO: [VRFC 10-3107] analyzing entity 'RISC_V_block_axi_interconnect_0_0'
INFO: [VRFC 10-3107] analyzing entity 'RISC_V_block'
INFO: [VRFC 10-163] Analyzing VHDL file "C:/RISC_V_research/RISC_V/RISC_V.gen/sources_1/bd/RISC_V_block/hdl/RISC_V_block_wrapper.vhd" into library xil_defaultlib
INFO: [VRFC 10-3107] analyzing entity 'RISC_V_block_wrapper'
INFO: [VRFC 10-163] Analyzing VHDL file "C:/RISC_V_research/RISC_V/RISC_V.srcs/sim_1/imports/new/RISC_V_tb.vhdl" into library xil_defaultlib
INFO: [VRFC 10-3107] analyzing entity 'RISC_V_tb'
INFO: [USF-XSim-69] 'compile' step finished in '2' seconds
INFO: [USF-XSim-3] XSim::Elaborate design
INFO: [USF-XSim-61] Executing 'ELABORATE' step in 'C:/RISC_V_research/RISC_V/RISC_V.sim/sim_1/behav/xsim'
"xelab --incr --debug typical --relax --mt 2 -L xil_defaultlib -L axi_bram_ctrl_v4_1_14 -L blk_mem_gen_v8_4_13 -L axi_lite_ipif_v3_1_0 -L interrupt_control_v3_2_0 -L axi_gpio_v2_0_38 -L generic_baseblocks_v2_1_2 -L axi_infrastructure_v1_1_0 -L axi_register_slice_v2_1_37 -L fifo_generator_v13_2_15 -L axi_data_fifo_v2_1_37 -L axi_crossbar_v2_1_39 -L proc_sys_reset_v5_0_17 -L axi_protocol_converter_v2_1_38 -L unisims_ver -L unimacro_ver -L secureip -L xpm --snapshot RISC_V_tb_behav xil_defaultlib.RISC_V_tb xil_defaultlib.glbl -log elaborate.log"
Vivado Simulator v2026.1
Copyright 1986-2022 Xilinx, Inc. All Rights Reserved.
Copyright 2022-2026 Advanced Micro Devices, Inc. All Rights Reserved.
Running: C:/AMDDesignTools/2026.1/Vivado/bin/unwrapped/win64.o/xelab.exe --incr --debug typical --relax --mt 2 -L xil_defaultlib -L axi_bram_ctrl_v4_1_14 -L blk_mem_gen_v8_4_13 -L axi_lite_ipif_v3_1_0 -L interrupt_control_v3_2_0 -L axi_gpio_v2_0_38 -L generic_baseblocks_v2_1_2 -L axi_infrastructure_v1_1_0 -L axi_register_slice_v2_1_37 -L fifo_generator_v13_2_15 -L axi_data_fifo_v2_1_37 -L axi_crossbar_v2_1_39 -L proc_sys_reset_v5_0_17 -L axi_protocol_converter_v2_1_38 -L unisims_ver -L unimacro_ver -L secureip -L xpm --snapshot RISC_V_tb_behav xil_defaultlib.RISC_V_tb xil_defaultlib.glbl -log elaborate.log 
INFO: [XSIM 43-3493] Using 2 slave threads.
Starting static elaboration
Pass Through NonSizing Optimizer
WARNING: [VRFC 10-1409] subtype of case expression is not locally static [C:/RISC_V_research/RISC_V/RISC_V.srcs/sources_1/imports/new/Instruction_Decoder.vhdl:54]
WARNING: [VRFC 10-5021] port 'aclk2x' is not connected on this instance [/wrk/ci/prod/2026.1/sw/continuous/3336/output/customer/vivado/data/ip/xilinx/axi_protocol_converter_v2_1/hdl/axi_protocol_converter_v2_1_vl_rfs.v:4855]
WARNING: [VRFC 10-5021] port 'aclk2x' is not connected on this instance [/wrk/ci/prod/2026.1/sw/continuous/3336/output/customer/vivado/data/ip/xilinx/axi_protocol_converter_v2_1/hdl/axi_protocol_converter_v2_1_vl_rfs.v:5110]
WARNING: [VRFC 10-5021] port 'aclk2x' is not connected on this instance [/wrk/ci/prod/2026.1/sw/continuous/3336/output/customer/vivado/data/ip/xilinx/axi_crossbar_v2_1/hdl/axi_crossbar_v2_1_vl_rfs.v:3097]
Completed static elaboration
Starting simulation data flow analysis
Completed simulation data flow analysis
Time Resolution for simulation is 1ps
Compiling package std.standard
Compiling package std.textio
Compiling package ieee.std_logic_1164
Compiling package ieee.numeric_std
Compiling package ieee.math_real
Compiling package xil_defaultlib.riscv_package
Compiling package unisim.vcomponents
Compiling package xil_defaultlib.mi_package
Compiling package ieee.std_logic_arith
Compiling package xpm.vcomponents
Compiling package axi_bram_ctrl_v4_1_14.axi_bram_ctrl_funcs
Compiling package ieee.vital_timing
Compiling package ieee.vital_primitives
Compiling package unisim.vpkg
Compiling package ieee.std_logic_unsigned
Compiling package synopsys.attributes
Compiling package ieee.std_logic_misc
Compiling package axi_lite_ipif_v3_1_0.ipif_pkg
Compiling package vl.vl_types
Compiling module xil_defaultlib.glbl
Compiling architecture behavioral of entity xil_defaultlib.generic_register [\generic_register(bits=32)\]
Compiling architecture behavioral of entity xil_defaultlib.generic_register_file [generic_register_file_default]
Compiling architecture behavioral of entity xil_defaultlib.generic_shifter [\generic_shifter(shamt_bits=5)\]
Compiling architecture behavioral of entity xil_defaultlib.ALU [alu_default]
Compiling architecture behavioral of entity xil_defaultlib.generic_counter [\generic_counter(bits=30)\]
Compiling architecture behavioral of entity xil_defaultlib.btu [btu_default]
Compiling architecture behavioral of entity xil_defaultlib.Datapath [datapath_default]
Compiling architecture behavioral of entity xil_defaultlib.Instruction_Decoder [instruction_decoder_default]
Compiling architecture behavioral of entity xil_defaultlib.Sequencer [sequencer_default]
Compiling architecture behavioral of entity xil_defaultlib.generic_FIFO [\generic_FIFO(bits=64)\]
Compiling architecture implementation of entity xil_defaultlib.Fetch [\Fetch(c_m_axi_addr_width=32)(0,...]
Compiling architecture implementation of entity xil_defaultlib.Load_Store [\Load_Store(c_m_axi_addr_width=3...]
Compiling architecture behavioral of entity xil_defaultlib.RISC_V [risc_v_default]
Compiling architecture risc_v_block_risc_v_0_0_arch of entity xil_defaultlib.RISC_V_block_RISC_V_0_0 [risc_v_block_risc_v_0_0_default]
Compiling architecture implementation of entity axi_bram_ctrl_v4_1_14.sng_port_arb [\sng_port_arb(c_s_axi_addr_width...]
Compiling architecture implementation of entity axi_bram_ctrl_v4_1_14.ua_narrow [\ua_narrow(c_bram_addr_adjust_fa...]
Compiling architecture implementation of entity axi_bram_ctrl_v4_1_14.wrap_brst [\wrap_brst(c_axi_addr_width=15,c...]
Compiling architecture muxcy_v of entity unisim.MUXCY [muxcy_default]
Compiling architecture muxcy_l_v of entity unisim.MUXCY_L [muxcy_l_default]
Compiling architecture xorcy_v of entity unisim.XORCY [xorcy_default]
Compiling architecture srl16e_v of entity unisim.SRL16E [\SRL16E(0,15)\]
Compiling architecture fdre_v of entity unisim.FDRE [fdre_default]
Compiling architecture fdr_v of entity unisim.FDR [fdr_default]
Compiling architecture imp of entity axi_bram_ctrl_v4_1_14.SRL_FIFO [\SRL_FIFO(c_data_bits=2,c_depth=...]
Compiling architecture implementation of entity axi_bram_ctrl_v4_1_14.wr_chnl [\wr_chnl(c_axi_addr_width=15,c_a...]
Compiling architecture implementation of entity axi_bram_ctrl_v4_1_14.rd_chnl [\rd_chnl(c_axi_addr_width=15,c_a...]
Compiling architecture implementation of entity axi_bram_ctrl_v4_1_14.full_axi [\full_axi(c_s_axi_addr_width=15,...]
Compiling architecture implementation of entity axi_bram_ctrl_v4_1_14.axi_bram_ctrl_top [\axi_bram_ctrl_top(c_bram_addr_w...]
Compiling architecture implementation of entity axi_bram_ctrl_v4_1_14.axi_bram_ctrl [\axi_bram_ctrl(c_memory_depth=81...]
Compiling architecture risc_v_block_axi_bram_ctrl_0_0_arch of entity xil_defaultlib.RISC_V_block_axi_bram_ctrl_0_0 [risc_v_block_axi_bram_ctrl_0_0_d...]
Compiling module blk_mem_gen_v8_4_13.BLK_MEM_GEN_v8_4_output_stage(C_...
Compiling module blk_mem_gen_v8_4_13.BLK_MEM_GEN_v8_4_output_stage(C_...
Compiling module blk_mem_gen_v8_4_13.BLK_MEM_GEN_v8_4_softecc_output_...
Compiling module blk_mem_gen_v8_4_13.BLK_MEM_GEN_v8_4_mem_module(C_FA...
Compiling module blk_mem_gen_v8_4_13.blk_mem_gen_v8_4_13(C_FAMILY="ar...
Compiling module xil_defaultlib.RISC_V_block_axi_bram_ctrl_0_bra...
Compiling architecture risc_v_block_axi_bram_ctrl_1_0_arch of entity xil_defaultlib.RISC_V_block_axi_bram_ctrl_1_0 [risc_v_block_axi_bram_ctrl_1_0_d...]
Compiling module blk_mem_gen_v8_4_13.BLK_MEM_GEN_v8_4_mem_module(C_FA...
Compiling module blk_mem_gen_v8_4_13.blk_mem_gen_v8_4_13(C_FAMILY="ar...
Compiling module xil_defaultlib.RISC_V_block_axi_bram_ctrl_1_bra...
Compiling architecture imp of entity axi_lite_ipif_v3_1_0.pselect_f [\pselect_f(c_ab=2,c_aw=2,c_bar="...]
Compiling architecture imp of entity axi_lite_ipif_v3_1_0.pselect_f [\pselect_f(c_ab=2,c_aw=2,c_bar="...]
Compiling architecture imp of entity axi_lite_ipif_v3_1_0.pselect_f [\pselect_f(c_ab=2,c_aw=2,c_bar="...]
Compiling architecture imp of entity axi_lite_ipif_v3_1_0.pselect_f [\pselect_f(c_ab=2,c_aw=2,c_bar="...]
Compiling architecture imp of entity axi_lite_ipif_v3_1_0.address_decoder [\address_decoder(c_bus_awidth=9,...]
Compiling architecture imp of entity axi_lite_ipif_v3_1_0.slave_attachment [\slave_attachment(c_ard_addr_ran...]
Compiling architecture imp of entity axi_lite_ipif_v3_1_0.axi_lite_ipif [\axi_lite_ipif(c_s_axi_addr_widt...]
Compiling module xpm.xpm_cdc_array_single(DEST_SYNC_F...
Compiling architecture imp of entity axi_gpio_v2_0_38.GPIO_Core [\GPIO_Core(c_aw=9,c_gpio_width=1...]
Compiling architecture imp of entity axi_gpio_v2_0_38.axi_gpio [\axi_gpio(c_family="artix7",c_gp...]
Compiling architecture risc_v_block_axi_gpio_0_0_arch of entity xil_defaultlib.RISC_V_block_axi_gpio_0_0 [risc_v_block_axi_gpio_0_0_defaul...]
Compiling architecture imp of entity axi_gpio_v2_0_38.GPIO_Core [\GPIO_Core(c_aw=9,c_gpio_width=1...]
Compiling architecture imp of entity axi_gpio_v2_0_38.axi_gpio [\axi_gpio(c_family="artix7",c_gp...]
Compiling architecture risc_v_block_axi_gpio_1_0_arch of entity xil_defaultlib.RISC_V_block_axi_gpio_1_0 [risc_v_block_axi_gpio_1_0_defaul...]
Compiling architecture structure of entity xil_defaultlib.m00_couplers_imp_1FYWC4H [m00_couplers_imp_1fywc4h_default]
Compiling architecture structure of entity xil_defaultlib.m01_couplers_imp_1BU0OTD [m01_couplers_imp_1bu0otd_default]
Compiling module axi_infrastructure_v1_1_0.axi_infrastructure_v1_1_0_axi2ve...
Compiling module axi_infrastructure_v1_1_0.axi_infrastructure_v1_1_0_vector...
Compiling module axi_register_slice_v2_1_37.axi_register_slice_v2_1_37_axic_...
Compiling module axi_register_slice_v2_1_37.axi_register_slice_v2_1_37_axic_...
Compiling module axi_register_slice_v2_1_37.axi_register_slice_v2_1_37_axic_...
Compiling module axi_register_slice_v2_1_37.axi_register_slice_v2_1_37_axic_...
Compiling module axi_register_slice_v2_1_37.axi_register_slice_v2_1_37_axi_r...
Compiling module axi_protocol_converter_v2_1_38.axi_protocol_converter_v2_1_38_b...
Compiling module axi_protocol_converter_v2_1_38.axi_protocol_converter_v2_1_38_b...
Compiling module axi_protocol_converter_v2_1_38.axi_protocol_converter_v2_1_38_b...
Compiling module axi_protocol_converter_v2_1_38.axi_protocol_converter_v2_1_38_b...
Compiling module axi_protocol_converter_v2_1_38.axi_protocol_converter_v2_1_38_b...
Compiling module axi_protocol_converter_v2_1_38.axi_protocol_converter_v2_1_38_b...
Compiling module axi_protocol_converter_v2_1_38.axi_protocol_converter_v2_1_38_b...
Compiling module axi_protocol_converter_v2_1_38.axi_protocol_converter_v2_1_38_b...
Compiling module axi_protocol_converter_v2_1_38.axi_protocol_converter_v2_1_38_b...
Compiling module axi_protocol_converter_v2_1_38.axi_protocol_converter_v2_1_38_b...
Compiling module axi_protocol_converter_v2_1_38.axi_protocol_converter_v2_1_38_b...
Compiling module axi_protocol_converter_v2_1_38.axi_protocol_converter_v2_1_38_b...
Compiling module axi_protocol_converter_v2_1_38.axi_protocol_converter_v2_1_38_b...
Compiling module axi_infrastructure_v1_1_0.axi_infrastructure_v1_1_0_axi2ve...
Compiling module axi_infrastructure_v1_1_0.axi_infrastructure_v1_1_0_vector...
Compiling module axi_register_slice_v2_1_37.axi_register_slice_v2_1_37_axic_...
Compiling module axi_register_slice_v2_1_37.axi_register_slice_v2_1_37_axic_...
Compiling module axi_register_slice_v2_1_37.axi_register_slice_v2_1_37_axic_...
Compiling module axi_register_slice_v2_1_37.axi_register_slice_v2_1_37_axic_...
Compiling module axi_register_slice_v2_1_37.axi_register_slice_v2_1_37_axi_r...
Compiling module axi_protocol_converter_v2_1_38.axi_protocol_converter_v2_1_38_b...
Compiling module axi_protocol_converter_v2_1_38.axi_protocol_converter_v2_1_38_a...
Compiling module xil_defaultlib.RISC_V_block_axi_interconnect_0_...
Compiling architecture structure of entity xil_defaultlib.m02_couplers_imp_15DHFQ9 [m02_couplers_imp_15dhfq9_default]
Compiling module xil_defaultlib.RISC_V_block_axi_interconnect_0_...
Compiling architecture structure of entity xil_defaultlib.m03_couplers_imp_104MPEP [m03_couplers_imp_104mpep_default]
Compiling architecture structure of entity xil_defaultlib.s00_couplers_imp_1A2ZIK2 [s00_couplers_imp_1a2zik2_default]
Compiling architecture structure of entity xil_defaultlib.s01_couplers_imp_1D6FS6Q [s01_couplers_imp_1d6fs6q_default]
Compiling module generic_baseblocks_v2_1_2.generic_baseblocks_v2_1_2_carry_...
Compiling module generic_baseblocks_v2_1_2.generic_baseblocks_v2_1_2_compar...
Compiling module generic_baseblocks_v2_1_2.generic_baseblocks_v2_1_2_compar...
Compiling module generic_baseblocks_v2_1_2.generic_baseblocks_v2_1_2_compar...
Compiling module generic_baseblocks_v2_1_2.generic_baseblocks_v2_1_2_compar...
Compiling module axi_crossbar_v2_1_39.axi_crossbar_v2_1_39_addr_decode...
Compiling module axi_crossbar_v2_1_39.axi_crossbar_v2_1_39_arbiter_res...
Compiling module unisims_ver.MUXF7
Compiling module generic_baseblocks_v2_1_2.generic_baseblocks_v2_1_2_mux_en...
Compiling module unisims_ver.SRLC32E_default
Compiling module axi_data_fifo_v2_1_37.axi_data_fifo_v2_1_37_ndeep_srl(...
Compiling module axi_data_fifo_v2_1_37.axi_data_fifo_v2_1_37_axic_srl_f...
Compiling module axi_crossbar_v2_1_39.axi_crossbar_v2_1_39_si_transact...
Compiling module axi_crossbar_v2_1_39.axi_crossbar_v2_1_39_si_transact...
Compiling module generic_baseblocks_v2_1_2.generic_baseblocks_v2_1_2_mux_en...
Compiling module axi_crossbar_v2_1_39.axi_crossbar_v2_1_39_si_transact...
Compiling module axi_crossbar_v2_1_39.axi_crossbar_v2_1_39_splitter
Compiling module axi_data_fifo_v2_1_37.axi_data_fifo_v2_1_37_axic_reg_s...
Compiling module axi_crossbar_v2_1_39.axi_crossbar_v2_1_39_wdata_route...
Compiling module axi_crossbar_v2_1_39.axi_crossbar_v2_1_39_addr_decode...
Compiling module axi_crossbar_v2_1_39.axi_crossbar_v2_1_39_addr_decode...
Compiling module axi_data_fifo_v2_1_37.axi_data_fifo_v2_1_37_axic_reg_s...
Compiling module generic_baseblocks_v2_1_2.generic_baseblocks_v2_1_2_mux_en...
Compiling module axi_crossbar_v2_1_39.axi_crossbar_v2_1_39_wdata_mux(C...
Compiling module axi_data_fifo_v2_1_37.axi_data_fifo_v2_1_37_axic_srl_f...
Compiling module axi_infrastructure_v1_1_0.axi_infrastructure_v1_1_0_axi2ve...
Compiling module axi_infrastructure_v1_1_0.axi_infrastructure_v1_1_0_vector...
Compiling module axi_register_slice_v2_1_37.axi_register_slice_v2_1_37_axic_...
Compiling module axi_register_slice_v2_1_37.axi_register_slice_v2_1_37_axic_...
Compiling module axi_register_slice_v2_1_37.axi_register_slice_v2_1_37_axic_...
Compiling module axi_register_slice_v2_1_37.axi_register_slice_v2_1_37_axic_...
Compiling module axi_register_slice_v2_1_37.axi_register_slice_v2_1_37_axi_r...
Compiling module axi_data_fifo_v2_1_37.axi_data_fifo_v2_1_37_axic_reg_s...
Compiling module axi_crossbar_v2_1_39.axi_crossbar_v2_1_39_wdata_mux(C...
Compiling module axi_data_fifo_v2_1_37.axi_data_fifo_v2_1_37_axic_srl_f...
Compiling module generic_baseblocks_v2_1_2.generic_baseblocks_v2_1_2_mux_en...
Compiling module generic_baseblocks_v2_1_2.generic_baseblocks_v2_1_2_mux_en...
Compiling module axi_crossbar_v2_1_39.axi_crossbar_v2_1_39_addr_arbite...
Compiling module axi_crossbar_v2_1_39.axi_crossbar_v2_1_39_decerr_slav...
Compiling module axi_crossbar_v2_1_39.axi_crossbar_v2_1_39_crossbar(C_...
Compiling module axi_crossbar_v2_1_39.axi_crossbar_v2_1_39_axi_crossba...
Compiling module xil_defaultlib.RISC_V_block_axi_interconnect_0_...
Compiling architecture structure of entity xil_defaultlib.RISC_V_block_axi_interconnect_0_0 [risc_v_block_axi_interconnect_0_...]
Compiling module unisims_ver.IBUF
Compiling module unisims_ver.MMCME2_ADV(CLKFBOUT_MULT_F=49.87...
Compiling module unisims_ver.BUFG
Compiling module xil_defaultlib.RISC_V_block_clk_wiz_0_0_clk_wiz
Compiling module xil_defaultlib.RISC_V_block_clk_wiz_0_0
Compiling architecture fdre_v of entity unisim.FDRE [\FDRE(init='1')\]
Compiling module xpm.xpm_cdc_single(DEST_SYNC_FF=4,IN...
Compiling architecture srl16e_v of entity unisim.SRL16E [\SRL16E(init="1111111111111111")...]
Compiling architecture srl16_v of entity unisim.SRL16 [\SRL16(init="1111111111111111")(...]
Compiling architecture imp of entity proc_sys_reset_v5_0_17.lpf [\lpf(c_ext_rst_width=4,c_aux_rst...]
Compiling architecture imp of entity proc_sys_reset_v5_0_17.upcnt_n [\upcnt_n(c_size=6)\]
Compiling architecture imp of entity proc_sys_reset_v5_0_17.sequence_psr [sequence_psr_default]
Compiling architecture imp of entity proc_sys_reset_v5_0_17.proc_sys_reset [\proc_sys_reset(c_family="artix7...]
Compiling architecture risc_v_block_proc_sys_reset_0_0_arch of entity xil_defaultlib.RISC_V_block_proc_sys_reset_0_0 [risc_v_block_proc_sys_reset_0_0_...]
Compiling architecture structure of entity xil_defaultlib.RISC_V_block [risc_v_block_default]
Compiling architecture structure of entity xil_defaultlib.RISC_V_block_wrapper [risc_v_block_wrapper_default]
Compiling architecture behavioral of entity xil_defaultlib.risc_v_tb
Built simulation snapshot RISC_V_tb_behav
run_program: Time (s): cpu = 00:00:01 ; elapsed = 00:00:16 . Memory (MB): peak = 4276.125 ; gain = 0.000
INFO: [USF-XSim-69] 'elaborate' step finished in '16' seconds
INFO: [USF-XSim-4] XSim::Simulate design
INFO: [USF-XSim-61] Executing 'SIMULATE' step in 'C:/RISC_V_research/RISC_V/RISC_V.sim/sim_1/behav/xsim'
INFO: [USF-XSim-98] *** Running xsim
   with args "RISC_V_tb_behav -key {Behavioral:sim_1:Functional:RISC_V_tb} -tclbatch {RISC_V_tb.tcl} -protoinst "protoinst_files/RISC_V_block.protoinst" -view {C:/RISC_V_research/RISC_V/RISC_V_tb_behav.wcfg} -log {simulate.log}"
INFO: [USF-XSim-8] Loading simulator feature
INFO: [Wavedata 42-565] Reading protoinst file protoinst_files/RISC_V_block.protoinst
INFO: [Wavedata 42-564]   Found protocol instance at /RISC_V_tb/uut/RISC_V_block_i//RISC_V_0/f_M_AXI
INFO: [Wavedata 42-564]   Found protocol instance at /RISC_V_tb/uut/RISC_V_block_i//RISC_V_0/ls_M_AXI
INFO: [Wavedata 42-564]   Found protocol instance at /RISC_V_tb/uut/RISC_V_block_i//axi_bram_ctrl_0/S_AXI
INFO: [Wavedata 42-564]   Found protocol instance at /RISC_V_tb/uut/RISC_V_block_i//axi_bram_ctrl_1/S_AXI
INFO: [Wavedata 42-564]   Found protocol instance at /RISC_V_tb/uut/RISC_V_block_i//axi_gpio_0/S_AXI
INFO: [Wavedata 42-564]   Found protocol instance at /RISC_V_tb/uut/RISC_V_block_i//axi_gpio_1/S_AXI
INFO: [Wavedata 42-564]   Found protocol instance at /RISC_V_tb/uut/RISC_V_block_i//axi_interconnect_0/M00_AXI
INFO: [Wavedata 42-564]   Found protocol instance at /RISC_V_tb/uut/RISC_V_block_i//axi_interconnect_0/M01_AXI
INFO: [Wavedata 42-564]   Found protocol instance at /RISC_V_tb/uut/RISC_V_block_i//axi_interconnect_0/M02_AXI
INFO: [Wavedata 42-564]   Found protocol instance at /RISC_V_tb/uut/RISC_V_block_i//axi_interconnect_0/M03_AXI
INFO: [Wavedata 42-564]   Found protocol instance at /RISC_V_tb/uut/RISC_V_block_i//axi_interconnect_0/S00_AXI
INFO: [Wavedata 42-564]   Found protocol instance at /RISC_V_tb/uut/RISC_V_block_i//axi_interconnect_0/S01_AXI
INFO: [Wavedata 42-564]   Found protocol instance at /RISC_V_tb/uut/RISC_V_block_i//axi_interconnect_0/m00_couplers/M_AXI
INFO: [Wavedata 42-564]   Found protocol instance at /RISC_V_tb/uut/RISC_V_block_i//axi_interconnect_0/m00_couplers/S_AXI
INFO: [Wavedata 42-564]   Found protocol instance at /RISC_V_tb/uut/RISC_V_block_i//axi_interconnect_0/m01_couplers/M_AXI
INFO: [Wavedata 42-564]   Found protocol instance at /RISC_V_tb/uut/RISC_V_block_i//axi_interconnect_0/m01_couplers/S_AXI
INFO: [Wavedata 42-564]   Found protocol instance at /RISC_V_tb/uut/RISC_V_block_i//axi_interconnect_0/m02_couplers/M_AXI
INFO: [Wavedata 42-564]   Found protocol instance at /RISC_V_tb/uut/RISC_V_block_i//axi_interconnect_0/m02_couplers/S_AXI
INFO: [Wavedata 42-564]   Found protocol instance at /RISC_V_tb/uut/RISC_V_block_i//axi_interconnect_0/m02_couplers/auto_pc/M_AXI
INFO: [Wavedata 42-564]   Found protocol instance at /RISC_V_tb/uut/RISC_V_block_i//axi_interconnect_0/m02_couplers/auto_pc/S_AXI
INFO: [Wavedata 42-564]   Found protocol instance at /RISC_V_tb/uut/RISC_V_block_i//axi_interconnect_0/m03_couplers/M_AXI
INFO: [Wavedata 42-564]   Found protocol instance at /RISC_V_tb/uut/RISC_V_block_i//axi_interconnect_0/m03_couplers/S_AXI
INFO: [Wavedata 42-564]   Found protocol instance at /RISC_V_tb/uut/RISC_V_block_i//axi_interconnect_0/m03_couplers/auto_pc/M_AXI
INFO: [Wavedata 42-564]   Found protocol instance at /RISC_V_tb/uut/RISC_V_block_i//axi_interconnect_0/m03_couplers/auto_pc/S_AXI
INFO: [Wavedata 42-564]   Found protocol instance at /RISC_V_tb/uut/RISC_V_block_i//axi_interconnect_0/s00_couplers/M_AXI
INFO: [Wavedata 42-564]   Found protocol instance at /RISC_V_tb/uut/RISC_V_block_i//axi_interconnect_0/s00_couplers/S_AXI
INFO: [Wavedata 42-564]   Found protocol instance at /RISC_V_tb/uut/RISC_V_block_i//axi_interconnect_0/s01_couplers/M_AXI
INFO: [Wavedata 42-564]   Found protocol instance at /RISC_V_tb/uut/RISC_V_block_i//axi_interconnect_0/s01_couplers/S_AXI
INFO: [Wavedata 42-564]   Found protocol instance at /RISC_V_tb/uut/RISC_V_block_i//axi_interconnect_0/xbar/M00_AXI
INFO: [Wavedata 42-564]   Found protocol instance at /RISC_V_tb/uut/RISC_V_block_i//axi_interconnect_0/xbar/M01_AXI
INFO: [Wavedata 42-564]   Found protocol instance at /RISC_V_tb/uut/RISC_V_block_i//axi_interconnect_0/xbar/M02_AXI
INFO: [Wavedata 42-564]   Found protocol instance at /RISC_V_tb/uut/RISC_V_block_i//axi_interconnect_0/xbar/M03_AXI
INFO: [Wavedata 42-564]   Found protocol instance at /RISC_V_tb/uut/RISC_V_block_i//axi_interconnect_0/xbar/S00_AXI
INFO: [Wavedata 42-564]   Found protocol instance at /RISC_V_tb/uut/RISC_V_block_i//axi_interconnect_0/xbar/S01_AXI
Time resolution is 1 ps
open_wave_config C:/RISC_V_research/RISC_V/RISC_V_tb_behav.wcfg
source RISC_V_tb.tcl
# set curr_wave [current_wave_config]
# if { [string length $curr_wave] == 0 } {
#   if { [llength [get_objects]] > 0} {
#     add_wave /
#     set_property needs_save false [current_wave_config]
#   } else {
#      send_msg_id Add_Wave-1 WARNING "No top level signals found. Simulator will start without a wave window. If you want to open a wave window go to 'File->New Waveform Configuration' or type 'create_wave_config' in the TCL console."
#   }
# }
# run 1000ns
 Block Memory Generator module loading initial data...
 Block Memory Generator data initialization complete.
Block Memory Generator module RISC_V_tb.uut.RISC_V_block_i.axi_bram_ctrl_0_bram.inst.native_mem_mapped_module.blk_mem_gen_v8_4_13_inst is using a behavioral model for simulation which will not precisely model memory collision behavior.
Block Memory Generator module RISC_V_tb.uut.RISC_V_block_i.axi_bram_ctrl_1_bram.inst.native_mem_mapped_module.blk_mem_gen_v8_4_13_inst is using a behavioral model for simulation which will not precisely model memory collision behavior.
INFO: [USF-XSim-96] XSim completed. Design snapshot 'RISC_V_tb_behav' loaded.
INFO: [USF-XSim-97] XSim simulation ran for 1000ns
launch_simulation: Time (s): cpu = 00:00:04 ; elapsed = 00:00:21 . Memory (MB): peak = 4276.125 ; gain = 0.000
run 10 us
run 10 us
run 100 us
run 100 us
run 100 us
run 100 us
run 100 us
run 100 us
run 100 us
run 500 us
close_sim
INFO: xsimkernel Simulation Memory Usage: 37620 KB (Peak: 37620 KB), Simulation CPU Usage: 10015 ms
INFO: [Simtcl 6-16] Simulation closed
close_project
exit
INFO: [Common 17-206] Exiting Vivado at Wed Aug 26 22:18:43 2026...
